Datetime,Precip,Max_Temp,Min_Temp,Mean_Temp,PET
2017-01-27,0.0,58,39,48.5,3.189802254529788
2017-01-28,0.0,51,38,44.5,2.4039437635812733
2017-01-29,0.0,63,38,50.5,3.7552555213874936
2017-01-30,0.0,65,31,48.0,4.131663647890431
2017-01-31,0.0,75,35,55.0,5.095131265912446
2017-02-01,0.0,75,42,58.5,4.8835661967471005
2017-02-02,0.0,76,49,62.5,4.681266074758436
2017-02-03,0.0,79,48,63.5,5.0543264713082365
2017-02-04,0.0,61,43,52.0,3.1277761402747983
2017-02-05,0.0,74,37,55.5,4.744721112120338
2017-02-06,0.0,76,49,62.5,4.523766606340737
2017-02-07,1.39,76,45,60.5,4.650016700173308
2017-02-08,0.04,80,58,69.0,4.426171189634939
2017-02-09,0.0,72,49,60.5,3.9311619427537923
2017-02-10,0.0,69,41,55.0,3.905565178991632
2017-02-11,0.0,79,39,59.0,4.958240785345115
2017-02-12,0.0,82,62,72.0,4.235233771668446
2017-02-13,0.0,78,48,63.0,4.492779890156793
2017-02-14,0.0,80,46,63.0,4.733206025536937
2017-02-15,1e-05,80,50,65.0,4.538514633437704
2017-02-16,0.0,67,38,52.5,3.565705398543218
2017-02-17,0.0,73,32,52.5,4.19307607750562
2017-02-18,0.09,70,50,60.0,3.309107530188213
2017-02-19,0.0,81,57,69.0,4.120744615254588
2017-02-20,0.0,81,49,65.0,4.430452616307502
2017-02-21,1e-05,76,54,65.0,3.6300819753410036
2017-02-22,1.2,69,60,64.5,2.276223931054042
2017-02-23,0.0,81,57,69.0,3.9275264314866747
2017-02-24,0.0,83,52,67.5,4.31230823073293
2017-02-25,0.0,81,56,68.5,3.880108819330007
2017-02-26,0.0,72,40,56.0,3.5429991157235374
2017-02-27,0.0,77,41,59.0,3.9072333897090967
2017-02-28,0.0,83,54,68.5,4.016926223272587
2017-03-01,0.0,82,67,74.5,3.099341442525228
2017-03-02,0.48,72,49,60.5,3.0741744169494725
2017-03-03,0.0,69,42,55.5,3.013014834439325
2017-03-04,0.0,70,39,54.5,3.12538754082477
2017-03-05,0.0,74,49,61.5,3.1212767424054633
2017-03-06,0.0,77,55,66.0,3.0961502534746463
2017-03-07,0.0,77,51,64.0,3.2154508989626303
2017-03-08,0.01,77,55,66.0,3.0041625574437067
2017-03-09,0.0,82,47,64.5,3.6464434691146668
2017-03-10,1e-05,82,53,67.5,3.4195411767982447
2017-03-11,0.0,77,44,60.5,3.218160648879112
2017-03-12,0.0,70,52,61.0,2.3580792944974456
2017-03-13,0.55,52,49,50.5,0.7841533597505714
2017-03-14,0.01,60,46,53.0,1.7485091039809864
2017-03-15,0.0,55,33,44.0,1.7895813214754759
2017-03-16,0.0,61,27,44.0,2.187100216924222
2017-03-17,0.0,73,33,53.0,2.808023722994927
2017-03-18,0.0,79,38,58.5,3.08313826425903
2017-03-19,0.0,78,45,61.5,2.856532688197855
2017-03-20,0.0,79,42,60.5,2.9223971938548017
2017-03-21,0.0,84,50,67.0,3.046036305685929
2017-03-22,0.0,89,62,75.5,3.0024800908365594
2017-03-23,0.0,75,61,68.0,1.9111857096270781
2017-03-24,0.0,82,55,68.5,2.6232948769984934
2017-03-25,0.0,81,58,69.5,2.409679203506037
2017-03-26,1e-05,82,59,70.5,2.397132947471071
2017-03-27,0.0,84,57,70.5,2.5464465040907003
2017-03-28,1e-05,85,58,71.5,2.5314223719550673
2017-03-29,0.0,87,57,72.0,2.6331560658792377
2017-03-30,0.11,85,53,69.0,2.553396387077004
2017-03-31,0.03,86,63,74.5,2.2892202073092895
2017-04-01,0.0,88,51,69.5,2.6524861448276873
2017-04-02,0.0,86,51,68.5,2.489261309264192
2017-04-03,2.93,82,63,72.5,1.8998224105259074
2017-04-04,1e-05,85,65,75.0,1.9729875118365727
2017-04-05,0.2,85,72,78.5,1.628653320456639
2017-04-06,0.0,75,54,64.5,1.6635894208961872
2017-04-07,0.0,71,46,58.5,1.6097702614003808
2017-04-08,0.0,75,39,57.0,1.839916413832238
2017-04-09,0.0,80,40,60.0,1.9950651815936344
2017-04-10,0.0,83,49,66.0,1.976721374096789
2017-04-11,0.0,84,53,68.5,1.9135087260520027
2017-04-12,0.0,85,53,69.0,1.9124168960438348
2017-04-13,0.0,84,52,68.0,1.8401063709307866
2017-04-14,0.0,85,53,69.0,1.822521609994624
2017-04-15,0.0,85,63,74.0,1.581486244151483
2017-04-16,0.0,84,60,72.0,1.5680372502149182
2017-04-17,0.01,85,54,69.5,1.6779610832331968
2017-04-18,0.0,88,56,72.0,1.7222876788156884
2017-04-19,1e-05,84,62,73.0,1.4116358906639974
2017-04-20,0.0,85,62,73.5,1.4165646403344934
2017-04-21,0.0,87,57,72.0,1.5445004920669632
2017-04-22,0.0,88,56,72.0,1.5542324754113879
2017-04-23,0.03,84,57,70.5,1.3617870018795304
2017-04-24,0.0,68,51,59.5,0.8883072241320936
2017-04-25,0.0,82,49,65.5,1.3266231688297714
2017-04-26,0.0,82,50,66.0,1.281562089103458
2017-04-27,0.0,88,69,78.5,1.1431969915848141
2017-04-28,0.0,89,67,78.0,1.1896071137934021
2017-04-29,0.0,85,68,76.5,0.9980193553325513
2017-04-30,0.0,86,69,77.5,0.9836960339708947
2017-05-01,0.04,82,60,71.0,0.9973495701219538
2017-05-02,0.0,87,53,70.0,1.1890048093934833
2017-05-03,0.0,91,51,71.0,1.2721645225850817
2017-05-04,2.43,76,64,70.0,0.6680548598846758
2017-05-05,0.0,71,51,61.0,0.7308501124564347
2017-05-06,0.0,78,49,63.5,0.8907029308508356
2017-05-07,0.0,87,51,69.0,1.0483287253458924
2017-05-08,0.0,85,53,69.0,0.9608548429317689
2017-05-09,0.0,91,53,72.0,1.0621091657762842
2017-05-10,0.0,93,56,74.5,1.0541645042120467
2017-05-11,0.0,92,58,75.0,0.9889309533387395
2017-05-12,0.56,88,63,75.5,0.8298622126467005
2017-05-13,0.08,87,65,76.0,0.7618276718773694
2017-05-14,0.0,88,64,76.0,0.7736134252163707
2017-05-15,0.0,90,60,75.0,0.8299302871217759
2017-05-16,0.0,94,65,79.5,0.8410742270376315
2017-05-17,0.0,91,69,80.0,0.7169530789391971
2017-05-18,0.0,90,72,81.0,0.638709575276796
2017-05-19,0.0,90,69,79.5,0.6587849500808368
2017-05-20,1e-05,90,72,81.0,0.6047321279348192
2017-05-21,0.29,82,69,75.5,0.46630135852213883
2017-05-22,1e-05,86,69,77.5,0.5329478978187266
2017-05-23,0.58,84,72,78.0,0.4389340303757619
2017-05-24,1.52,77,62,69.5,0.42607305923628797
2017-05-25,0.0,82,59,70.5,0.521658939263075
2017-05-26,0.0,88,54,71.0,0.6228743362614736
2017-05-27,0.0,92,58,75.0,0.64189621361861
2017-05-28,0.01,94,73,83.5,0.5481909384164222
2017-05-29,0.0,92,72,82.0,0.5130995016494121
2017-05-30,0.0,89,74,81.5,0.4315847715591483
2017-05-31,0.0,91,72,81.5,0.4749628174793372
2017-06-01,0.0,89,73,81.0,0.42386291381356733
2017-06-02,0.0,89,71,80.0,0.4347834130462554
2017-06-03,0.16,91,69,80.0,0.4710203510350777
2017-06-04,2.02,87,71,79.0,0.389014649007037
2017-06-05,0.09,86,72,79.0,0.35716754161645164
2017-06-06,3.92,80,70,75.0,0.2815385775089941
2017-06-07,1.99,84,68,76.0,0.3548385424112327
2017-06-08,1e-05,82,66,74.0,0.34005980740038483
2017-06-09,0.0,88,60,74.0,0.44320809703295455
2017-06-10,0.0,90,65,77.5,0.432554101584082
2017-06-11,0.09,84,73,78.5,0.28693159772851023
2017-06-12,0.05,83,74,78.5,0.25652409692015965
2017-06-13,1e-05,85,73,79.0,0.29496473187146466
2017-06-14,1e-05,87,71,79.0,0.33741144695157377
2017-06-15,0.25,87,70,78.5,0.34277050270861276
2017-06-16,0.0,91,70,80.5,0.3879440868915688
2017-06-17,0.53,89,73,81.0,0.3387661808858056
2017-06-18,0.0,92,70,81.0,0.3954431990301568
2017-06-19,0.63,87,73,80.0,0.3105436074623709
2017-06-20,1.9,77,73,75.0,0.15531087973378124
2017-06-21,0.11,85,76,80.5,0.24985687340431512
2017-06-22,0.0,90,74,82.0,0.3395283430444663
2017-06-23,0.0,92,74,83.0,0.3651722562456039
2017-06-24,0.0,94,73,83.5,0.39802608796225
2017-06-25,0.1,89,74,81.5,0.32976343823419424
2017-06-26,0.01,89,72,80.5,0.34869123970226923
2017-06-27,0.53,89,74,81.5,0.33386674209977996
2017-06-28,0.02,85,72,78.5,0.30178384171750705
2017-06-29,0.07,84,75,79.5,0.25664442346623983
2017-06-30,0.27,93,74,83.5,0.39572350644899495
2017-07-01,0.0,95,74,84.5,0.42587279234071107
2017-07-02,0.0,94,73,83.5,0.4261653603428613
2017-07-03,0.0,96,74,85.0,0.45013110013450836
2017-07-04,0.0,97,73,85.0,0.4771039221199219
2017-07-05,0.21,97,72,84.5,0.49173314787221756
2017-07-06,0.0,95,72,83.5,0.47389888383078904
2017-07-07,0.42,95,73,84.0,0.474520125367811
2017-07-08,0.02,91,73,82.0,0.4268070008824456
2017-07-09,0.1,93,71,82.0,0.48104269200001887
2017-07-10,0.18,89,74,81.5,0.40279730546937975
2017-07-11,0.0,90,73,81.5,0.4378419913948264
2017-07-12,0.14,91,74,82.5,0.45286986289056097
2017-07-13,1.02,94,73,83.5,0.5208863042167426
2017-07-14,0.08,88,74,81.0,0.42211484904186763
2017-07-15,0.07,90,73,81.5,0.4791228638652511
2017-07-16,0.7,89,73,81.0,0.47318862888491575
2017-07-17,1e-05,87,75,81.0,0.41996142585296886
2017-07-18,0.02,89,75,82.0,0.4708232434970981
2017-07-19,0.0,93,72,82.5,0.5950851575676734
2017-07-20,1e-05,96,74,85.0,0.6439441742619006
2017-07-21,0.52,93,73,83.0,0.6154330795581708
2017-07-22,0.84,91,73,82.0,0.5923064139057505
2017-07-23,0.16,84,74,79.0,0.43688193898551914
2017-07-24,0.02,90,73,81.5,0.6037505179348407
2017-07-25,0.06,93,76,84.5,0.6432700238085582
2017-07-26,0.0,94,74,84.0,0.712915482866441
2017-07-27,0.0,93,75,84.0,0.6952859386550176
2017-07-28,0.0,96,74,85.0,0.799727083385281
2017-07-29,0.6,91,76,83.5,0.6670586298062627
2017-07-30,1e-05,89,77,83.0,0.6098997485635004
2017-07-31,0.0,89,73,81.0,0.7068482353791847
2017-08-01,0.0,91,64,77.5,0.9036092919256542
2017-08-02,0.0,91,75,83.0,0.766191640024385
2017-08-03,0.4,79,73,76.0,0.4419030599477079
2017-08-04,0.98,86,73,79.5,0.6998092295110662
2017-08-05,0.07,87,73,80.0,0.7516104729691138
2017-08-06,0.05,88,72,80.0,0.8263557007411838
2017-08-07,0.03,89,74,81.5,0.8382365252310315
2017-08-08,0.22,92,74,83.0,0.9615895751948697
2017-08-09,0.0,91,74,82.5,0.9550598161924084
2017-08-10,0.0,94,75,84.5,1.0631881233842317
2017-08-11,0.0,95,74,84.5,1.1490026530568176
2017-08-12,0.0,90,74,82.0,1.0003605467921595
2017-08-13,2.06,94,75,84.5,1.1544385607775198
2017-08-14,0.22,90,77,83.5,0.9696022241525253
2017-08-15,0.01,90,74,82.0,1.0852744819937563
2017-08-16,0.0,96,74,85.0,1.3550088969637415
2017-08-17,0.0,96,76,86.0,1.342456560542333
2017-08-18,0.11,98,78,88.0,1.410514859486104
2017-08-19,0.0,92,77,84.5,1.2042200958677267
2017-08-20,0.27,97,73,85.0,1.572740609667191
2017-08-21,1e-05,90,76,83.0,1.2037109157435333
2017-08-22,0.06,91,75,83.0,1.3202947109309855
2017-08-23,0.0,96,74,85.0,1.626368165598826
2017-08-24,1e-05,96,75,85.5,1.6391926223893412
2017-08-25,0.7,95,74,84.5,1.6610938892325902
2017-08-26,1e-05,90,74,82.0,1.4423873951468336
2017-08-27,1e-05,90,76,83.0,1.3996614151590483
2017-08-28,0.0,88,73,80.5,1.4398071780999078
2017-08-29,0.33,88,72,80.0,1.5138698612481736
2017-08-30,0.76,88,75,81.5,1.4237579789733144
2017-08-31,1.3,91,73,82.0,1.725937357664215
2017-09-01,1e-05,92,73,82.5,1.8262909026277265
2017-09-02,1.42,88,72,80.0,1.663247455399969
2017-09-03,0.02,90,70,80.0,1.902689526115334
2017-09-04,0.15,91,71,81.0,1.9706558152708809
2017-09-05,0.0,88,73,80.5,1.7345951684722123
2017-09-06,0.25,84,72,78.0,1.537046411118452
2017-09-07,0.0,83,66,74.5,1.7861774157728803
2017-09-08,0.0,88,70,79.0,1.991676543360114
2017-09-09,0.0,83,70,76.5,1.674610228580027
2017-09-10,0.13,74,64,69.0,1.353210626793913
2017-09-11,1.34,65,63,64.0,0.5732379896778216
2017-09-12,1e-05,86,62,74.0,2.343892834855653
2017-09-13,1e-05,86,66,76.0,2.242916154825765
2017-09-14,0.09,88,68,78.0,2.3489386173866302
2017-09-15,1e-05,90,70,80.0,2.457753919444863
2017-09-16,1e-05,89,73,81.0,2.270106829711832
2017-09-17,0.0,92,69,80.5,2.758206972601068
2017-09-18,0.0,93,66,79.5,3.0086895344116655
2017-09-19,1e-05,91,70,80.5,2.7383202843527896
2017-09-20,1e-05,90,72,81.0,2.599240822944405
2017-09-21,0.03,89,71,80.0,2.6151535141393807
2017-09-22,0.0,90,69,79.5,2.85882550874905
2017-09-23,1e-05,90,71,80.5,2.803595406878877
2017-09-24,0.0,89,73,81.0,2.6352219439807607
2017-09-25,0.0,90,72,81.0,2.8445994321737986
2017-09-26,0.0,92,68,80.0,3.300829155191446
2017-09-27,0.0,93,67,80.0,3.494835436515641
2017-09-28,0.0,95,66,80.5,3.7771517231535556
2017-09-29,0.0,95,67,81.0,3.7970976977888307
2017-09-30,0.0,93,70,81.5,3.5198702399313118
2017-10-01,0.03,77,69,73.0,1.8898014847192657
2017-10-02,0.0,85,69,77.0,2.8642129316116693
2017-10-03,0.0,88,69,78.5,3.232332798265651
2017-10-04,0.0,88,69,78.5,3.28274128163506
2017-10-05,0.0,90,70,80.0,3.48508523026711
2017-10-06,0.02,89,72,80.5,3.2821020980177225
2017-10-07,0.16,92,75,83.5,3.4551145206446954
2017-10-08,0.52,87,77,82.0,2.6405843908185345
2017-10-09,0.01,90,77,83.5,3.1101070185213433
2017-10-10,0.24,89,76,82.5,3.1166249557100736
2017-10-11,0.97,91,74,82.5,3.6139447046228668
2017-10-12,0.0,91,74,82.5,3.663794957365625
2017-10-13,0.0,90,68,79.0,4.045350607796404
2017-10-14,0.0,89,73,81.0,3.584425009036363
2017-10-15,0.0,87,69,78.0,3.7092217557168494
2017-10-16,0.11,88,66,77.0,4.100470063820108
2017-10-17,0.0,76,60,68.0,3.127628114616361
2017-10-18,0.0,81,56,68.5,3.9874773107834316
2017-10-19,0.0,84,62,73.0,4.035139427417325
2017-10-20,0.0,86,60,73.0,4.439618862518572
2017-10-21,0.0,86,68,77.0,3.9425076179295107
2017-10-22,0.04,88,69,78.5,4.17753302881222
2017-10-23,0.76,85,62,73.5,4.352941023823139
2017-10-24,0.0,78,52,65.0,4.139203651178392
2017-10-25,0.0,68,45,56.5,3.4216484791880495
2017-10-26,0.0,74,39,56.5,4.266617644556807
2017-10-27,0.0,77,45,61.0,4.451170185695887
2017-10-28,1.11,79,54,66.5,4.333524173916285
2017-10-29,0.0,61,40,50.5,3.047546763840653
2017-10-30,0.0,70,35,52.5,4.131049116808164
2017-10-31,0.0,76,41,58.5,4.648018456004133
2017-11-01,0.0,77,43,60.0,4.743735730471013
2017-11-02,0.0,81,49,65.0,5.032338480494302
2017-11-03,0.0,84,53,68.5,5.267788167403734
2017-11-04,0.0,84,55,69.5,5.216046231470194
2017-11-05,0.0,85,56,70.5,5.337799309603431
2017-11-06,0.0,84,54,69.0,5.359510944164236
2017-11-07,0.0,85,57,71.0,5.37276533676265
2017-11-08,0.0,84,64,74.0,4.771620532844043
2017-11-09,0.01,70,58,64.0,3.2226392464949773
2017-11-10,0.0,73,50,61.5,4.3210898522602665
2017-11-11,0.0,73,52,62.5,4.228230401983777
2017-11-12,0.0,76,57,66.5,4.311091416596046
2017-11-13,0.0,75,58,66.5,4.107606806285802
2017-11-14,0.0,72,53,62.5,4.11043586847822
2017-11-15,0.0,68,45,56.5,4.116823803980897
2017-11-16,0.0,73,39,56.0,4.994446922052484
2017-11-17,0.0,74,42,58.0,5.051001406194647
2017-11-18,0.0,76,41,58.5,5.361733738344748
2017-11-19,1e-05,69,40,54.5,4.575033330052913
2017-11-20,0.0,67,33,50.0,4.572111539980176
2017-11-21,0.36,68,46,57.0,4.216471901662799
2017-11-22,0.04,73,54,63.5,4.3893386051980015
2017-11-23,0.12,66,56,61.0,3.0755641349042784
2017-11-24,0.0,70,45,57.5,4.60790816852777
2017-11-25,0.0,70,41,55.5,4.814387495381576
2017-11-26,0.0,73,43,58.0,5.14179727453907
2017-11-27,0.0,71,38,54.5,5.091061126635638
2017-11-28,0.0,78,41,59.5,5.91117371230652
2017-11-29,0.0,80,53,66.5,5.667284937655339
2017-11-30,0.0,80,49,64.5,5.914050301005299
2017-12-01,0.17,78,61,69.5,4.7371556705980336
2017-12-02,0.0,79,56,67.5,5.3713718621434285
2017-12-03,0.0,74,51,62.5,4.991167773662739
2017-12-04,0.0,74,55,64.5,4.697043807493527
2017-12-05,1e-05,79,53,66.0,5.639873487414801
2017-12-06,0.1,71,47,59.0,4.858504560972738
2017-12-07,0.45,48,43,45.5,1.7152281221654704
2017-12-08,0.58,48,44,46.0,1.5549646630729914
2017-12-09,0.0,49,29,39.0,2.955353636720844
2017-12-10,0.0,56,26,41.0,3.8132922492507966
2017-12-11,0.0,64,26,45.0,4.719410182109974
2017-12-12,0.0,64,34,49.0,4.573956034696431
2017-12-13,0.0,59,31,45.0,4.064990295790527
2017-12-14,0.0,65,37,51.0,4.613078383012589
2017-12-15,0.0,65,49,57.0,3.901912002149717
2017-12-16,0.0,64,43,53.5,4.20030201260013
2017-12-17,0.0,74,44,59.0,5.540790333617996
2017-12-18,0.15,80,62,71.0,5.167658951650046
2017-12-19,0.0,79,65,72.0,4.623809079444295
2017-12-20,0.01,77,66,71.5,4.071295216640762
2017-12-21,0.0,75,51,63.0,5.299707275068177
2017-12-22,0.0,72,49,60.5,4.981919617035296
2017-12-23,0.0,79,52,65.5,5.841933412114678
2017-12-24,1e-05,73,52,62.5,4.913956262574835
2017-12-25,0.0,56,43,49.5,3.0605853939364445
2017-12-26,0.0,65,38,51.5,4.584941203518944
2017-12-27,0.05,54,49,51.5,1.9709932973449422
2017-12-28,0.41,50,43,46.5,2.1032796023957077
2017-12-29,0.0,48,33,40.5,2.678147614686991
2017-12-30,0.0,60,33,46.5,4.118267905245612
2017-12-31,0.07,59,39,49.0,3.7281269352620177
2018-01-01,1e-05,44,33,38.5,2.1685523565123215
2018-01-02,0.0,44,28,36.0,2.440400038078062
2018-01-03,0.03,47,24,35.5,2.8785234844739387
2018-01-04,0.0,48,21,34.5,3.0233098972387378
2018-01-05,0.0,52,24,38.0,3.381472429687516
2018-01-06,0.0,53,22,37.5,3.5009605026633412
2018-01-07,0.0,57,22,39.5,3.9059481495454396
2018-01-08,0.0,65,41,53.0,4.324406998228822
2018-01-09,0.02,75,58,66.5,4.549925558822866
2018-01-10,1e-05,75,61,68.0,4.206519957114897
2018-01-11,1e-05,73,62,67.5,3.6869532213097966
2018-01-12,1.02,70,48,59.0,4.539432084915873
2018-01-13,0.0,48,33,40.5,2.5628596294667685
2018-01-14,0.0,52,29,40.5,3.159458977322073
2018-01-15,0.0,60,27,43.5,4.0457407467627675
2018-01-16,0.0,66,28,47.0,4.667854628550216
2018-01-17,0.05,47,27,37.0,2.653185826770648
2018-01-18,0.0,51,20,35.5,3.1529808062753752
2018-01-19,0.0,60,21,40.5,4.012345251265832
2018-01-20,0.0,63,29,46.0,4.230911828267203
2018-01-21,0.0,72,36,54.0,5.080663483013566
2018-01-22,0.1,68,44,56.0,4.276316310593533
2018-01-23,0.0,70,44,57.0,4.5025857665506095
2018-01-24,0.0,57,34,45.5,3.359695033583097
2018-01-25,0.0,65,36,50.5,4.1595036804860825
2018-01-26,0.0,70,32,51.0,4.776295817512682
2018-01-27,0.0,75,56,65.5,4.306955907743765
2018-01-28,0.5,66,60,63.0,2.3115018462046053
2018-01-29,0.01,65,45,55.0,3.657865012215749
2018-01-30,0.0,56,31,43.5,3.211004623163671
2018-01-31,0.0,63,28,45.5,3.9434288080765665
2018-02-01,0.0,68,33,50.5,4.342068301284584
2018-02-02,1e-05,63,45,54.0,3.302745885996995
2018-02-03,0.0,63,37,50.0,3.6453497966796147
2018-02-04,0.9,74,52,63.0,4.188800404708076
2018-02-05,0.0,71,38,54.5,4.400236877093208
2018-02-06,0.0,75,42,58.5,4.6813392980099895
2018-02-07,0.63,75,55,65.0,4.01260841420783
2018-02-08,0.0,71,53,62.0,3.5976932020392463
2018-02-09,0.0,69,53,61.0,3.305895462809764
2018-02-10,0.0,71,56,63.5,3.300040646886431
2018-02-11,1.17,69,63,66.0,2.1479984257723146
2018-02-12,0.56,68,62,65.0,2.094328693381509
2018-02-13,0.0,72,61,66.5,2.8715570534533
2018-02-14,0.0,73,57,65.0,3.3499650001494627
2018-02-15,0.0,79,57,68.0,4.065820726688736
2018-02-16,1e-05,84,60,72.0,4.4477023557144495
2018-02-17,1e-05,82,61,71.5,4.086103175431273
2018-02-18,0.0,83,61,72.0,4.164283067442627
2018-02-19,0.0,81,60,70.5,3.938350814212139
2018-02-20,1e-05,81,59,70.0,3.955943244699483
2018-02-21,0.0,82,62,72.0,3.833657069033015
2018-02-22,0.0,83,60,71.5,4.033458779930029
2018-02-23,0.0,83,59,71.0,4.041301820579567
2018-02-24,0.0,83,55,69.0,4.18936008445058
2018-02-25,0.45,73,63,68.0,2.4360943596966074
2018-02-26,0.49,77,62,69.5,3.0100814270210883
2018-02-27,0.0,73,56,64.5,2.9351153666585676
2018-02-28,0.0,78,57,67.5,3.368382946805417
2018-03-01,1e-05,84,65,74.5,3.488193708016924
2018-03-02,0.0,75,50,62.5,3.3109303944340236
2018-03-03,0.0,74,43,58.5,3.4028834721160655
2018-03-04,0.0,71,39,55.0,3.2045076330194537
2018-03-05,0.0,74,38,56.0,3.410783528977617
2018-03-06,0.21,71,46,58.5,2.9256767867372266
2018-03-07,0.0,63,41,52.0,2.4035464149148047
2018-03-08,0.0,60,32,46.0,2.3627586108642857
2018-03-09,0.0,68,29,48.5,2.894933402774158
2018-03-10,0.0,68,33,50.5,2.8111048355946027
2018-03-11,0.6,76,44,60.0,3.1428525505902964
2018-03-12,1e-05,60,43,51.5,1.9349800971907853
2018-03-13,0.0,63,33,48.0,2.357049855697616
2018-03-14,0.0,63,33,48.0,2.3182698695855075
2018-03-15,0.0,71,27,49.0,2.818185572689397
2018-03-16,0.0,77,36,56.5,3.0833984329573054
2018-03-17,0.0,81,51,66.0,3.0278541624995725
2018-03-18,1.61,82,64,73.0,2.548856419980388
2018-03-19,4.21,75,62,68.5,1.996827332221827
2018-03-20,0.0,84,58,71.0,2.8746540715133184
2018-03-21,0.0,66,47,56.5,1.9204111368722052
2018-03-22,0.0,66,43,54.5,2.000784551086909
2018-03-23,0.0,72,35,53.5,2.444858876180908
2018-03-24,0.0,76,43,59.5,2.519340853370573
2018-03-25,0.0,81,57,69.0,2.443807699371983
2018-03-26,1e-05,63,55,59.0,1.1832706438451024
2018-03-27,0.0,78,55,66.5,2.216991020304815
2018-03-28,0.0,78,55,66.5,2.1731039969756187
2018-03-29,1e-05,78,53,65.5,2.1868485656748686
2018-03-30,0.22,72,60,66.0,1.4956850588466446
2018-03-31,0.0,76,51,63.5,2.0344708855984157
2018-04-01,0.0,83,44,63.5,2.488267629098594
2018-04-02,0.0,84,50,67.0,2.399749063009591
2018-04-03,0.0,85,55,70.0,2.3049707543959133
2018-04-04,0.14,72,52,62.0,1.631185304295589
2018-04-05,0.0,76,44,60.0,1.953357564457662
2018-04-06,0.0,79,47,63.0,2.0058513039960655
2018-04-07,0.56,77,63,70.0,1.441289865466436
2018-04-08,1e-05,69,53,61.0,1.3126285402094415
2018-04-09,0.0,78,59,68.5,1.5696662144461597
2018-04-10,1.22,66,52,59.0,1.1339902011501994
2018-04-11,0.0,77,46,61.5,1.7180818062626242
2018-04-12,0.0,78,47,62.5,1.7050829981587887
2018-04-13,0.0,80,51,65.5,1.6873651333194213
2018-04-14,0.0,84,59,71.5,1.6692287447410263
2018-04-15,1.39,75,53,64.0,1.3678873456977443
2018-04-16,0.0,71,42,56.5,1.3527945770893584
2018-04-17,0.0,79,40,59.5,1.6114153065891794
2018-04-18,0.0,88,45,66.5,1.844055661087724
2018-04-19,0.0,86,61,73.5,1.5151101814659576
2018-04-20,0.0,78,56,67.0,1.2629733872717623
2018-04-21,0.0,81,63,72.0,1.1963649367969018
2018-04-22,0.32,82,67,74.5,1.1010379895458067
2018-04-23,0.09,84,60,72.0,1.3112067375354657
2018-04-24,0.0,77,54,65.5,1.1373660434592363
2018-04-25,0.0,81,55,68.0,1.2224613854340025
2018-04-26,0.0,82,50,66.0,1.281562089103458
2018-04-27,0.0,77,55,66.0,1.0343601500718642
2018-04-28,0.0,83,49,66.0,1.2514729718589976
2018-04-29,0.0,85,51,68.0,1.2546708522631156
2018-04-30,0.0,85,60,72.5,1.1159846437678953
2018-05-01,0.0,86,58,72.0,1.1410004913905138
2018-05-02,0.0,87,59,73.0,1.125220913861087
2018-05-03,0.0,86,57,71.5,1.090832996438647
2018-05-04,0.0,90,57,73.5,1.1632042029467948
2018-05-05,0.0,89,61,75.0,1.0630914771017717
2018-05-06,0.0,90,66,78.0,0.9951981350412951
2018-05-07,0.0,90,57,73.5,1.069119001821932
2018-05-08,0.0,91,57,74.0,1.0621549567427726
2018-05-09,0.0,88,58,73.0,0.9568085470393776
2018-05-10,0.0,92,63,77.5,0.9708294312534392
2018-05-11,0.0,95,59,77.0,1.0447231324546749
2018-05-12,1e-05,97,70,83.5,0.9537517719779359
2018-05-13,0.0,95,64,79.5,0.9459533693935708
2018-05-14,0.14,83,71,77.0,0.5542212403207913
2018-05-15,1.5,83,70,76.5,0.5572477134836292
2018-05-16,1.12,78,71,74.5,0.3872470766748257
2018-05-17,0.04,86,71,78.5,0.5809099834076403
2018-05-18,0.11,88,69,78.5,0.6359682572573595
2018-05-19,0.0,92,68,80.0,0.7086978838472211
2018-05-20,0.08,86,71,78.5,0.5350124443273229
2018-05-21,0.07,85,70,77.5,0.5141495384588658
2018-05-22,0.28,84,71,77.5,0.4660494169242393
2018-05-23,0.78,85,71,78.0,0.47410293909539847
2018-05-24,1e-05,90,69,79.5,0.5766323357268792
2018-05-25,0.0,91,70,80.5,0.5691261662178785
2018-05-26,0.4,84,71,77.5,0.420393022248225
2018-05-27,0.8,80,73,76.5,0.29707766921134227
2018-05-28,0.96,85,73,79.0,0.3920715130614944
2018-05-29,0.69,83,74,78.5,0.3295134111164569
2018-05-30,1e-05,85,73,79.0,0.37418582393440425
2018-05-31,0.0,92,71,81.5,0.4993355183455052
2018-06-01,0.0,92,70,81.0,0.49702332273895905
2018-06-02,0.65,91,73,82.0,0.44564756629578706
2018-06-03,0.0,96,77,86.5,0.4732765023261662
2018-06-04,0.0,93,69,81.0,0.4884994578127995
2018-06-05,0.0,86,63,74.5,0.43173210117322514
2018-06-06,1e-05,84,71,77.5,0.33169777585166343
2018-06-07,0.0,92,69,80.5,0.45061353287400224
2018-06-08,0.27,91,69,80.0,0.4310695275130313
2018-06-09,1.63,90,69,79.5,0.41234192515843815
2018-06-10,0.01,89,69,79.0,0.39437244491608825
2018-06-11,0.79,87,70,78.5,0.3567027805503173
2018-06-12,0.0,89,70,79.5,0.3774664901184708
2018-06-13,0.01,89,70,79.5,0.3735037136060754
2018-06-14,0.91,86,70,78.0,0.3331425774304253
2018-06-15,0.06,88,72,80.0,0.33888719184114363
2018-06-16,0.43,87,72,79.5,0.32380166695633267
2018-06-17,0.0,93,74,83.5,0.3805501485607451
2018-06-18,0.0,95,73,84.0,0.41008201439405695
2018-06-19,0.0,97,75,86.0,0.41846894880827923
2018-06-20,0.0,98,77,87.5,0.4151406378907971
2018-06-21,0.0,97,78,87.5,0.3945860831774054
2018-06-22,0.16,94,75,84.5,0.3812671912006855
2018-06-23,0.38,96,72,84.0,0.42674245012794504
2018-06-24,0.0,96,76,86.0,0.40005787095307777
2018-06-25,0.0,96,73,84.5,0.42336244186140953
2018-06-26,0.16,96,73,84.5,0.425726919330168
2018-06-27,1.16,95,74,84.5,0.40957054260615916
2018-06-28,0.45,97,74,85.5,0.4371863297467795
2018-06-29,0.0,93,74,83.5,0.3916483147320193
2018-06-30,0.58,95,74,84.5,0.42101005486979526
2018-07-01,0.86,83,73,78.0,0.27128467760797587
2018-07-02,0.04,88,74,81.0,0.3375495072108842
2018-07-03,0.31,95,74,84.5,0.437196139957397
2018-07-04,0.0,91,73,82.0,0.39860800731841156
2018-07-05,0.0,92,74,83.0,0.4098461222922915
2018-07-06,0.02,89,73,81.0,0.3834305570864232
2018-07-07,0.11,86,71,78.5,0.3661792904363569
2018-07-08,0.3,85,73,79.0,0.33574316865265263
2018-07-09,0.0,91,72,81.5,0.44431823447861973
2018-07-10,0.0,95,73,84.0,0.502767972318016
2018-07-11,0.0,96,69,82.5,0.5585584022977981
2018-07-12,0.0,96,72,84.0,0.5478682841251278
2018-07-13,0.0,95,73,84.0,0.5363350808539312
2018-07-14,0.07,94,75,84.5,0.5129868396357626
2018-07-15,1e-05,92,73,82.5,0.512735034491189
2018-07-16,0.2,89,76,82.5,0.43442120572707693
2018-07-17,0.08,91,75,83.0,0.49689734703170474
2018-07-18,1e-05,91,75,83.0,0.5094664119350345
2018-07-19,0.87,89,75,82.0,0.4829416660295334
2018-07-20,0.63,87,76,81.5,0.43659692869561667
2018-07-21,1.12,90,73,81.5,0.557151963463066
2018-07-22,1e-05,95,75,85.0,0.6471765620447657
2018-07-23,0.0,93,74,83.5,0.636485377731728
2018-07-24,0.96,92,71,81.5,0.6710311839005415
2018-07-25,0.0,93,72,82.5,0.6980406618185786
2018-07-26,0.07,92,75,83.5,0.6533651062421919
2018-07-27,0.97,90,75,82.5,0.6233776740122753
2018-07-28,0.11,92,74,83.0,0.7063676561390569
2018-07-29,0.03,93,74,83.5,0.7507497184539893
2018-07-30,0.0,88,74,81.0,0.642900762693679
2018-07-31,1.49,86,72,79.0,0.6448782117916675
2018-08-01,2.94,83,73,78.0,0.5534651375876618
2018-08-02,1.45,78,73,75.5,0.38962970518898055
2018-08-03,0.3,89,72,80.5,0.7878533053899125
2018-08-04,0.0,91,72,81.5,0.8673011269740417
2018-08-05,0.0,94,74,84.0,0.9432412099516498
2018-08-06,0.52,95,73,84.0,1.017413135426334
2018-08-07,1e-05,93,73,83.0,0.9857177623923622
2018-08-08,0.0,94,74,84.0,1.0258106294476428
2018-08-09,0.1,91,74,82.5,0.9550598161924084
2018-08-10,0.19,92,72,82.0,1.0585508424464742
2018-08-11,0.0,92,72,82.0,1.0881525650779085
2018-08-12,0.0,95,73,84.0,1.2016231768224266
2018-08-13,0.35,92,74,83.0,1.1037110073363
2018-08-14,0.65,90,73,81.5,1.082237613174645
2018-08-15,0.12,87,73,80.0,0.9904328729571711
2018-08-16,0.09,91,75,83.0,1.1283787185923957
2018-08-17,0.21,90,76,83.0,1.084017268008955
2018-08-18,0.42,90,74,82.0,1.175623549428859
2018-08-19,0.26,90,74,82.0,1.2069343296115669
2018-08-20,0.01,91,72,81.5,1.3417627661363782
2018-08-21,1e-05,88,72,80.0,1.2403318955001195
2018-08-22,0.0,93,75,84.0,1.417247984246916
2018-08-23,0.0,91,71,81.0,1.477742293384347
2018-08-24,2.68,92,73,82.5,1.5045005902953197
2018-08-25,0.0,91,75,83.0,1.4241955404549418
2018-08-26,0.0,93,74,83.5,1.6005437390033987
2018-08-27,0.0,91,75,83.0,1.4963009922892347
2018-08-28,0.24,94,73,83.5,1.767059600401583
2018-08-29,0.63,88,73,80.5,1.4749548505936656
2018-08-30,0.31,86,71,78.5,1.4730935032004662
2018-08-31,0.01,92,72,82.0,1.81929771633053
2018-09-01,0.01,92,73,82.5,1.8262909026277265
2018-09-02,0.33,92,74,83.0,1.8302625330970945
2018-09-03,0.47,91,74,82.5,1.8089842052333345
2018-09-04,0.32,85,74,79.5,1.4344264285698258
2018-09-05,0.35,90,75,82.5,1.7776692973143329
2018-09-06,0.0,91,75,83.0,1.8885410502642779
2018-09-07,0.0,90,75,82.5,1.8578936007084832
2018-09-08,0.57,90,73,81.5,1.9967826398662727
2018-09-09,1e-05,92,71,81.5,2.267430373763856
2018-09-10,0.07,91,72,81.5,2.2029879647354194
2018-09-11,0.0,93,72,82.5,2.394102582456391
2018-09-12,1e-05,94,74,84.0,2.428660234855833
2018-09-13,0.0,93,74,83.5,2.4017467095301708
2018-09-14,0.0,95,75,85.0,2.559632752723719
2018-09-15,0.0,96,75,85.5,2.6915051357679056
2018-09-16,1e-05,95,74,84.5,2.7130560272739555
2018-09-17,0.74,93,74,83.5,2.6002947559442466
2018-09-18,0.08,93,72,82.5,2.7534932649917367
2018-09-19,0.02,94,71,82.5,2.936914837918052
2018-09-20,0.0,95,72,83.5,3.0287904226062476
2018-09-21,0.0,92,76,84.0,2.588808288213522
2018-09-22,0.0,92,74,83.0,2.7632234611179993
2018-09-23,1e-05,91,72,81.5,2.8384053821319055
2018-09-24,0.0,92,73,82.5,2.924819298568521
2018-09-25,0.54,91,74,82.5,2.815622061018247
2018-09-26,1e-05,92,73,82.5,3.028667594680904
2018-09-27,0.02,92,72,82.0,3.1417644863779746
2018-09-28,1e-05,92,71,81.5,3.2541244686761672
2018-09-29,0.03,93,71,82.0,3.407299547588909
2018-09-30,0.52,93,73,83.0,3.342676642822091
2018-10-01,1e-05,90,74,82.0,3.0018989633897135
2018-10-02,1e-05,90,73,81.5,3.124814229226987
2018-10-03,0.0,91,72,81.5,3.3557985277639575
2018-10-04,0.0,91,67,79.0,3.7129706103385525
2018-10-05,0.0,92,66,79.0,3.923963249894463
2018-10-06,0.0,90,66,78.0,3.778669275523583
2018-10-07,0.0,91,66,78.5,3.9391672122080523
2018-10-08,0.05,87,74,80.5,2.9556819638871517
2018-10-09,0.09,86,76,81.0,2.646114414571879
2018-10-10,3.2,80,76,78.0,1.634540401131815
2018-10-11,0.0,88,67,77.5,3.7733580954327066
2018-10-12,0.0,84,59,71.5,3.850890551929889
2018-10-13,0.0,84,55,69.5,4.086312544567395
2018-10-14,0.0,89,59,74.0,4.484222077656285
2018-10-15,0.0,91,69,80.0,4.205791175926893
2018-10-16,1e-05,91,69,80.0,4.260145689358276
2018-10-17,0.0,90,68,79.0,4.260387326651224
2018-10-18,0.0,89,68,78.5,4.187787774841522
2018-10-19,0.0,88,68,78.0,4.110727602973392
2018-10-20,1e-05,90,66,78.0,4.557441796745012
2018-10-21,0.0,73,59,66.0,2.9805135251091386
2018-10-22,0.0,76,54,65.0,3.7225802409312445
2018-10-23,0.03,71,62,66.5,2.4637650535985074
2018-10-24,0.0,80,59,69.5,3.9773510235712406
2018-10-25,0.25,74,61,67.5,3.072899811731136
2018-10-26,0.28,83,59,71.0,4.439177109113977
2018-10-27,0.0,70,50,60.0,3.4613089606471643
2018-10-28,0.0,78,44,61.0,4.63598909957406
2018-10-29,0.0,83,54,68.5,4.856781801721238
2018-10-30,0.0,81,50,65.5,4.849796904277175
2018-10-31,0.0,83,51,67.0,5.08967554974446
2018-11-01,0.18,81,60,70.5,4.380114338308168
2018-11-02,0.28,71,50,60.5,3.7946033586129766
2018-11-03,0.0,69,42,55.5,3.9837411613271345
2018-11-04,0.09,66,47,56.5,3.4327355791725593
2018-11-05,0.0,81,65,73.0,4.105334441504614
2018-11-06,1.65,82,70,76.0,3.7333308858898393
2018-11-07,0.24,81,69,75.0,3.715346751679353
2018-11-08,0.57,80,63,71.5,4.250674868545884
2018-11-09,0.21,82,62,72.0,4.680135720726535
2018-11-10,0.0,70,48,59.0,4.05442784986104
2018-11-11,0.0,72,47,59.5,4.392077096817136
2018-11-12,1e-05,71,58,64.5,3.4588224755080206
2018-11-13,0.36,77,59,68.0,4.321974150676943
2018-11-14,0.51,63,56,59.5,2.3752594226531127
2018-11-15,0.24,57,37,47.0,3.193926139697963
2018-11-16,0.0,60,33,46.5,3.696222258154626
2018-11-17,0.0,69,35,52.0,4.668225675234649
2018-11-18,0.0,73,40,56.5,5.028416897259334
2018-11-19,0.0,74,43,58.5,5.077076354027937
2018-11-20,1e-05,74,54,64.0,4.487726468031973
2018-11-21,0.0,65,40,52.5,4.1401724022096085
2018-11-22,0.0,61,38,49.5,3.765260203163535
2018-11-23,1e-05,65,51,58.0,3.4602038457396658
2018-11-24,0.07,70,55,62.5,3.879425891246004
2018-11-25,0.22,64,52,58.0,3.236340401077641
2018-11-26,0.64,73,44,58.5,5.098925136995174
2018-11-27,0.0,56,36,46.0,3.345696336062711
2018-11-28,0.0,55,29,42.0,3.4987540258226244
2018-11-29,0.0,65,34,49.5,4.5211323337781275
2018-11-30,0.02,70,41,55.5,4.92243602406281
2018-12-01,1.85,75,59,67.0,4.430497608770377
2018-12-02,3.38,80,70,75.0,3.935075513802496
2018-12-03,2.73,71,54,62.5,4.291041465062851
2018-12-04,0.0,69,46,57.5,4.607365062201698
2018-12-05,0.0,56,34,45.0,3.538224177114464
2018-12-06,0.0,57,34,45.5,3.6686610544288345
2018-12-07,0.0,64,35,49.5,4.493646048751213
2018-12-08,1e-05,64,47,55.5,3.8671013071718634
2018-12-09,1.29,65,47,56.0,4.024565761906622
2018-12-10,1e-05,47,42,44.5,1.68953551806974
2018-12-11,0.0,53,32,42.5,3.3136350701740214
2018-12-12,0.0,60,26,43.0,4.273587674442571
2018-12-13,0.12,64,43,53.5,4.1847558953619854
2018-12-14,3.21,65,60,62.5,2.3886033203160664
2018-12-15,0.01,68,51,59.5,4.19827858412263
2018-12-16,0.0,62,49,55.5,3.428230826618254
2018-12-17,0.0,67,42,54.5,4.672506113796407
2018-12-18,0.0,69,35,52.0,5.202731157463049
2018-12-19,0.01,64,46,55.0,4.005685508032606
2018-12-20,1.18,62,55,58.5,2.6575965705283062
2018-12-21,0.14,58,47,52.5,2.9903117549790053
2018-12-22,0.0,60,37,48.5,3.994423161726021
2018-12-23,0.0,68,31,49.5,5.169221567035484
2018-12-24,0.0,65,41,53.0,4.455258409620027
2018-12-25,0.0,66,37,51.5,4.75576335433182
2018-12-26,0.0,69,39,54.0,5.06737963978535
2018-12-27,1e-05,73,55,64.0,4.646685794705181
2018-12-28,1.71,72,62,67.0,3.621225890211158
2018-12-29,0.14,74,61,67.5,4.153726234049941
2018-12-30,1e-05,73,65,69.0,3.325462926242686
2018-12-31,1e-05,76,65,70.5,3.9770131717604578
2019-01-01,0.0,81,66,73.5,4.832046602558144
2019-01-02,0.0,75,60,67.5,4.428156234555642
2019-01-03,0.1,75,59,67.0,4.528792602407161
2019-01-04,1.19,71,51,61.0,4.59841298966421
2019-01-05,0.0,61,43,52.0,3.70902591131619
2019-01-06,0.0,72,36,54.0,5.430986042594062
2019-01-07,0.0,71,38,54.5,5.231520003332325
2019-01-08,0.0,73,43,58.0,5.290606441596091
2019-01-09,0.0,63,42,52.5,3.992976459538868
2019-01-10,0.0,60,33,46.5,3.9957921738591944
2019-01-11,0.0,62,29,45.5,4.305863169442117
2019-01-12,0.0,71,48,59.5,4.680762244301731
2019-01-13,0.03,72,51,61.5,4.603229051758655
2019-01-14,0.0,52,40,46.0,2.591737403531399
2019-01-15,0.0,48,32,40.0,2.5906379012098046
2019-01-16,0.0,62,30,46.0,4.192456016281117
2019-01-17,0.0,66,29,47.5,4.631713974242257
2019-01-18,1e-05,70,48,59.0,4.412459638336394
2019-01-19,0.43,70,60,65.0,3.259588526989873
2019-01-20,1e-05,61,35,48.0,3.8605472657810997
2019-01-21,0.0,56,31,43.5,3.411239946496587
2019-01-22,0.0,68,39,53.5,4.491003980116088
2019-01-23,0.9,73,57,65.0,4.027507216122951
2019-01-24,0.55,67,33,50.0,4.488483909354616
2019-01-25,0.0,58,32,45.0,3.5098805145825787
2019-01-26,0.0,56,30,43.0,3.3315603855054694
2019-01-27,0.0,53,41,47.0,2.4566603942378973
2019-01-28,0.0,62,30,46.0,3.898636272392046
2019-01-29,0.27,53,34,43.5,2.8203270748167766
2019-01-30,0.0,50,29,39.5,2.6725683082153275
2019-01-31,0.0,60,28,44.0,3.6464415439581774
2019-02-01,0.01,59,46,52.5,2.7509907842961208
2019-02-02,0.13,69,54,61.5,3.4334180724221883
2019-02-03,0.04,65,53,59.0,2.921946131298371
2019-02-04,0.0,71,50,60.5,3.9301957884200673
2019-02-05,0.0,78,50,64.0,4.759203680538271
2019-02-06,0.0,78,51,64.5,4.668434550259534
2019-02-07,0.0,80,51,65.5,4.868965363299435
2019-02-08,0.0,73,51,62.0,3.977399487325488
2019-02-09,0.0,70,47,58.5,3.801292040449406
2019-02-10,1e-05,69,55,62.0,3.112879118016378
2019-02-11,1e-05,77,57,67.0,3.981074202679374
2019-02-12,0.31,80,57,68.5,4.3211237417249
2019-02-13,0.06,63,36,49.5,3.349470789473167
2019-02-14,0.0,66,33,49.5,3.664483055820137
2019-02-15,0.0,72,34,53.0,4.165507241753642
2019-02-16,1e-05,78,57,67.5,3.9005611859436375
2019-02-17,1e-05,77,61,69.0,3.4420051783273165
2019-02-18,0.25,72,61,66.5,2.7197835179132306
2019-02-19,0.0,75,58,66.5,3.3425395405536906
2019-02-20,0.0,76,55,65.5,3.6166681268477197
2019-02-21,0.0,83,68,75.5,3.4813458470372876
2019-02-22,1e-05,81,65,73.0,3.4346740197125754
2019-02-23,0.0,83,68,75.5,3.397311137607191
2019-02-24,0.05,79,59,69.0,3.540655499963225
2019-02-25,0.0,72,48,60.0,3.3302443927635665
2019-02-26,1e-05,73,56,64.5,2.974071121218725
2019-02-27,0.2,69,56,62.5,2.487146157833226
2019-02-28,0.07,71,55,63.0,2.744270721161329
2019-03-01,0.9,69,62,65.5,1.8616149695917084
2019-03-02,1.01,76,61,68.5,2.810683208124806
2019-03-03,0.54,81,65,73.0,3.050241799921946
2019-03-04,0.0,65,41,53.0,2.6743425380072674
2019-03-05,0.3,56,39,47.5,1.988329784512842
2019-03-06,0.0,57,34,45.5,2.1830343417748654
2019-03-07,0.0,67,31,49.0,2.897380926356742
2019-03-08,0.0,72,38,55.0,3.1125970944332257
2019-03-09,0.0,78,53,65.5,3.129557556716445
2019-03-10,0.0,81,56,68.5,3.22197292699651
2019-03-11,0.09,81,65,73.0,2.703516903761421
2019-03-12,0.0,79,58,68.5,2.859969323699889
2019-03-13,0.0,79,56,67.5,2.9015503883068634
2019-03-14,0.0,80,60,70.0,2.759697625516042
2019-03-15,0.1,85,61,73.0,3.0999820055225618
2019-03-16,1e-05,65,52,58.5,1.7976548429392396
2019-03-17,1e-05,63,50,56.5,1.7064546131386191
2019-03-18,0.0,67,39,53.0,2.308505352479432
2019-03-19,0.0,67,50,58.5,1.9503022200847897
2019-03-20,0.0,70,41,55.5,2.3735634070624285
2019-03-21,0.0,71,37,54.0,2.455366974332751
2019-03-22,0.0,74,37,55.5,2.5842112405094424
2019-03-23,0.0,79,34,56.5,2.8473222882432876
2019-03-24,0.0,78,42,60.0,2.6534631632350956
2019-03-25,0.0,81,46,63.5,2.716075623752991
2019-03-26,0.01,77,51,64.0,2.3138262566378134
2019-03-27,0.03,70,50,60.0,1.8654039880829685
2019-03-28,0.0,77,50,63.5,2.2483446675150263
2019-03-29,0.0,79,41,60.0,2.4698737285137367
2019-03-30,0.0,80,53,66.5,2.2605137147711027
2019-03-31,0.01,78,52,65.0,2.123740606633606
2019-04-01,0.04,55,48,51.5,0.8550883901496773
2019-04-02,0.07,70,46,58.0,1.7455222586762107
2019-04-03,0.0,75,41,58.0,2.0334126308833396
2019-04-04,0.87,79,48,63.5,2.0799101321839717
2019-04-05,0.26,70,62,66.0,1.0742815919119253
2019-04-06,0.01,83,67,75.0,1.688341742947756
2019-04-07,1e-05,85,66,75.5,1.810902042581652
2019-04-08,0.33,79,64,71.5,1.4895733435950251
2019-04-09,0.0,82,64,73.0,1.628108812836903
2019-04-10,0.0,85,60,72.5,1.8618577237621439
2019-04-11,0.0,85,62,73.5,1.7684510514546183
2019-04-12,0.0,85,62,73.5,1.7270079774175657
2019-04-13,0.0,87,59,73.0,1.84775086844704
2019-04-14,0.42,78,62,70.0,1.3073836318888619
2019-04-15,0.0,74,49,61.5,1.4012485122787852
2019-04-16,0.0,81,43,62.0,1.6991848921145865
2019-04-17,0.0,82,52,67.0,1.591332687821937
2019-04-18,0.0,82,58,70.0,1.4501360850756742
2019-04-19,0.51,76,54,65.0,1.2570207876339863
2019-04-20,0.0,73,48,60.5,1.2157975792775264
2019-04-21,0.0,78,41,59.5,1.4176316863674838
2019-04-22,0.0,84,44,64.0,1.5447158573126238
2019-04-23,0.0,87,48,67.5,1.5670584910131868
2019-04-24,0.0,79,57,68.0,1.1547967377884898
2019-04-25,0.73,82,53,67.5,1.2815755875355646
2019-04-26,0.01,82,58,70.0,1.1770891491728221
2019-04-27,0.0,83,48,65.5,1.2947735970553615
2019-04-28,0.0,84,47,65.5,1.2956337443120645
2019-04-29,0.0,88,55,71.5,1.2996665788977793
2019-04-30,0.0,87,63,75.0,1.131121114245908
2019-05-01,0.0,89,68,78.5,1.0772925486051628
2019-05-02,0.08,88,68,78.0,1.0160855469979808
2019-05-03,0.0,87,70,78.5,0.9169078464716419
2019-05-04,0.11,87,67,77.0,0.9486513721145582
2019-05-05,0.08,87,69,78.0,0.8864460489340081
2019-05-06,0.0,89,65,77.0,0.982445724289869
2019-05-07,0.0,92,58,75.0,1.1073317104466696
2019-05-08,0.0,89,69,79.0,0.8696488779878669
2019-05-09,0.36,87,69,78.0,0.7918759760726638
2019-05-10,0.0,88,69,78.5,0.7959500888152303
2019-05-11,0.0,90,70,80.0,0.8090134917985767
2019-05-12,0.07,85,67,76.0,0.7088222890691828
2019-05-13,0.01,85,65,75.0,0.7168216571727886
2019-05-14,0.0,83,61,72.0,0.701715893777863
2019-05-15,0.0,85,54,69.5,0.7818144523148263
2019-05-16,0.0,90,56,73.0,0.8362766340724628
2019-05-17,0.77,91,62,76.5,0.7871541158478467
2019-05-18,0.0,91,64,77.5,0.7484717632010024
2019-05-19,0.0,90,68,79.0,0.6700492218115178
2019-05-20,0.0,92,64,78.0,0.726312692624522
2019-05-21,0.0,93,64,78.5,0.7241156269354234
2019-05-22,0.0,95,65,80.0,0.7308061668630315
2019-05-23,0.0,94,70,82.0,0.6525632941491244
2019-05-24,0.0,97,67,82.0,0.7108697561766631
2019-05-25,0.0,99,65,82.0,0.7376534718747412
2019-05-26,0.0,96,72,84.0,0.6190841578236636
2019-05-27,0.0,99,70,84.5,0.6678728243600583
2019-05-28,0.0,100,72,86.0,0.6519392844522262
2019-05-29,0.0,99,71,85.0,0.6293079388585955
2019-05-30,0.0,96,68,82.0,0.5932728074034672
2019-05-31,1e-05,94,73,83.5,0.5115831395950883
2019-06-01,1e-05,97,70,83.5,0.5675999501655561
2019-06-02,0.0,96,68,82.0,0.5558201694428205
2019-06-03,0.0,100,66,83.0,0.6075024733450894
2019-06-04,0.0,99,71,85.0,0.5536831410650923
2019-06-05,0.0,95,73,84.0,0.47605641225370193
2019-06-06,0.3,81,76,78.5,0.20836318421225325
2019-06-07,0.66,86,73,79.5,0.33456919383465256
2019-06-08,0.4,84,71,77.5,0.32101577602189935
2019-06-09,0.3,85,73,79.0,0.3097417978593188
2019-06-10,0.19,91,74,82.5,0.3796938463865721
2019-06-11,0.02,90,73,81.5,0.3703277912665249
2019-06-12,0.49,87,74,80.5,0.31615446316454787
2019-06-13,0.03,85,70,77.5,0.3235221076888329
2019-06-14,0.0,91,68,79.5,0.40710121078153283
2019-06-15,0.0,92,73,82.5,0.3808284181559392
2019-06-16,0.0,93,71,82.0,0.4044686412970379
2019-06-17,0.52,85,71,78.0,0.3051559925998537
2019-06-18,0.62,89,73,81.0,0.3372350932447346
2019-06-19,0.49,87,74,80.5,0.30111666886614835
2019-06-20,1e-05,93,77,85.0,0.35201591717912467
2019-06-21,1e-05,96,78,87.0,0.3818682544567428
2019-06-22,0.01,96,75,85.5,0.4055732325976732
2019-06-23,1e-05,97,71,84.0,0.44416762448010755
2019-06-24,0.0,97,73,85.0,0.43314797880592537
2019-06-25,0.04,97,75,86.0,0.4214032765361966
2019-06-26,0.0,96,72,84.0,0.43231132755689267
2019-06-27,0.47,91,74,82.5,0.35978723254702644
2019-06-28,0.75,91,72,81.5,0.37877466025595463
2019-06-29,0.07,89,72,80.5,0.3571585709911155
2019-06-30,0.0,93,73,83.0,0.40357375491209835
2019-07-01,0.0,97,74,85.5,0.45096326727903524
2019-07-02,0.0,98,76,87.0,0.4544689855275571
2019-07-03,1e-05,98,76,87.0,0.4607174383314627
2019-07-04,0.56,98,74,86.0,0.4827142692756124
2019-07-05,0.42,92,75,83.5,0.4006970720391121
2019-07-06,1.82,87,73,80.0,0.3542406488463429
2019-07-07,0.98,96,72,84.0,0.4956201067669944
2019-07-08,0.01,92,73,82.5,0.44117500093149625
2019-07-09,0.03,92,75,83.5,0.43059160734651647
2019-07-10,0.45,86,77,81.5,0.31200545119602585
2019-07-11,0.21,90,75,82.5,0.4163248523138503
2019-07-12,0.51,88,75,81.5,0.3912252517703895
2019-07-13,0.13,92,72,82.0,0.4992056244493445
2019-07-14,0.0,94,75,84.5,0.5129868396357626
2019-07-15,0.0,96,75,85.5,0.5586381894429995
2019-07-16,0.0,97,74,85.5,0.5988361918000498
2019-07-17,0.01,94,75,84.5,0.5512624236495208
2019-07-18,0.06,94,75,84.5,0.5652066582545319
2019-07-19,2.67,90,73,81.5,0.5289324042776323
2019-07-20,0.01,91,72,81.5,0.5738007798707002
2019-07-21,0.04,93,73,83.0,0.6154330795581708
2019-07-22,0.08,91,71,81.0,0.6167355196155669
2019-07-23,0.3,87,73,80.0,0.5234657330034427
2019-07-24,1e-05,87,73,80.0,0.5378156631683608
2019-07-25,0.0,90,71,80.5,0.6478806890999342
2019-07-26,0.0,91,74,82.5,0.6455441210106597
2019-07-27,0.0,92,71,81.5,0.7286542537451969
2019-07-28,0.0,92,73,82.5,0.7213540543584176
2019-07-29,0.0,93,68,80.5,0.8302435994547385
2019-07-30,0.0,95,69,82.0,0.8869370896605406
2019-07-31,0.0,95,71,83.0,0.8870737252476797
2019-08-01,1e-05,94,72,83.0,0.8735176615166065
2019-08-02,0.07,90,72,81.0,0.7930960047777902
2019-08-03,0.01,89,72,80.5,0.7878533053899125
2019-08-04,0.0,94,70,82.0,0.9807395191817093
2019-08-05,0.11,92,72,82.0,0.9207937751598448
2019-08-06,0.39,92,72,82.0,0.9469795613309748
2019-08-07,0.0,97,75,86.0,1.0711788430402311
2019-08-08,0.0,94,74,84.0,1.0258106294476428
2019-08-09,1e-05,97,76,86.5,1.11293086181513
2019-08-10,0.31,98,77,87.5,1.157410085011414
2019-08-11,0.0,96,76,86.0,1.1412072976511853
2019-08-12,0.11,96,78,87.0,1.1257087637930108
2019-08-13,0.33,97,76,86.5,1.242391063835103
2019-08-14,1e-05,95,76,85.5,1.2002549406835434
2019-08-15,0.16,97,76,86.5,1.3115368179997082
2019-08-16,0.1,94,76,85.0,1.2256516633151098
2019-08-17,0.07,90,75,82.5,1.115308305023274
2019-08-18,1.09,82,76,79.0,0.6935937815192441
2019-08-19,0.01,87,75,81.0,1.0324952271233732
2019-08-20,1e-05,89,75,82.0,1.158825112274277
2019-08-21,0.17,90,75,82.5,1.2384570069088998
2019-08-22,0.04,95,74,84.5,1.539910366249988
2019-08-23,1e-05,94,76,85.0,1.4711053571645185
2019-08-24,0.12,97,76,86.5,1.658355500836727
2019-08-25,1e-05,90,75,82.5,1.3706683473121324
2019-08-26,0.18,86,74,80.0,1.2186920510568202
2019-08-27,1.14,91,74,82.5,1.533064959636537
2019-08-28,0.0,92,73,82.5,1.6606891361136804
2019-08-29,0.0,95,73,84.0,1.8638838950084728
2019-08-30,0.0,93,70,81.5,1.893775147116591
2019-08-31,1e-05,93,77,85.0,1.6867331007398456
2019-09-01,1e-05,92,77,84.5,1.6620212176248215
2019-09-02,0.0,91,77,84.0,1.6335779322764952
2019-09-03,0.0,94,75,84.5,1.9587765389739928
2019-09-04,0.0,96,74,85.0,2.1688571124053007
2019-09-05,0.0,99,74,86.5,2.406178116959503
2019-09-06,0.0,94,69,81.5,2.318034038393382
2019-09-07,0.0,99,66,82.5,2.755701542151794
2019-09-08,0.0,98,72,85.0,2.575405091430791
2019-09-09,0.0,96,73,84.5,2.4602529828607276
2019-09-10,0.0,97,70,83.5,2.6905493975753223
2019-09-11,0.0,95,74,84.5,2.4521133065285117
2019-09-12,0.0,95,71,83.0,2.6288068747489666
2019-09-13,0.0,94,73,83.5,2.52499226045212
2019-09-14,0.0,94,75,84.5,2.480152886712192
2019-09-15,0.0,95,75,85.0,2.6112867729833975
2019-09-16,0.0,94,72,83.0,2.727630591037655
2019-09-17,0.0,100,70,85.0,3.3260991219792775
2019-09-18,0.0,101,73,87.0,3.352801210753038
2019-09-19,0.0,89,73,81.0,2.4050405022896775
2019-09-20,0.0,92,68,80.0,2.9643094274630286
2019-09-21,0.0,91,70,80.5,2.842334116507775
2019-09-22,0.0,90,67,78.5,2.9542498999896747
2019-09-23,0.0,92,66,79.0,3.2185519221682966
2019-09-24,0.0,96,66,81.0,3.6084262568771943
2019-09-25,0.0,98,74,86.0,3.4873172391289526
2019-09-26,0.0,98,74,86.0,3.5482676225971015
2019-09-27,1e-05,96,72,84.0,3.5255318404203213
2019-09-28,0.0,94,75,84.5,3.2091709331654616
2019-09-29,0.0,92,72,82.0,3.2487326489794577
2019-09-30,0.0,97,69,83.0,3.9551083416078154
2019-10-01,0.01,95,72,83.5,3.664956436541792
2019-10-02,0.0,96,70,83.0,3.9355283954540154
2019-10-03,0.0,97,68,82.5,4.196737785303212
2019-10-04,0.0,97,68,82.5,4.2621862400445485
2019-10-05,0.0,93,69,81.0,3.865417236953866
2019-10-06,0.0,91,74,82.5,3.3636045091927342
2019-10-07,0.02,86,73,79.5,2.8767410985254442
2019-10-08,0.0,93,71,82.0,3.9166195928473653
2019-10-09,0.0,90,68,79.0,3.8279605925791964
2019-10-10,0.0,91,66,78.5,4.1125321343187045
2019-10-11,0.0,88,61,74.5,4.113048670156136
2019-10-12,0.0,90,61,75.5,4.379436309974043
2019-10-13,0.0,89,62,75.5,4.283085639969783
2019-10-14,1.17,92,67,79.5,4.397599414158939
2019-10-15,1.8,82,72,77.0,2.7292640785224833
2019-10-16,1e-05,85,69,77.0,3.496892620004731
2019-10-17,0.0,74,57,65.5,3.1054297545709506
2019-10-18,0.16,67,60,63.5,1.9560517972967828
2019-10-19,0.54,83,63,73.0,3.8473544864322986
2019-10-20,0.0,79,63,71.0,3.387358741773082
2019-10-21,0.0,83,57,70.0,4.307773158789681
2019-10-22,0.13,81,53,67.0,4.328777027104271
2019-10-23,0.0,75,51,63.0,3.8116855426949177
2019-10-24,0.0,81,53,67.0,4.427541179851526
2019-10-25,0.09,87,71,79.0,3.989537864388885
2019-10-26,1e-05,84,72,78.0,3.4482741181783734
2019-10-27,0.01,82,63,72.5,4.076045628583242
2019-10-28,0.0,84,61,72.5,4.531373827760011
2019-10-29,0.24,77,72,74.5,2.1932083169346535
2019-10-30,0.0,83,71,77.0,3.5468528016498078
2019-10-31,0.18,89,50,69.5,5.828383142900038
2019-11-01,0.0,65,41,53.0,3.5208658732048685
2019-11-02,0.0,71,44,57.5,4.089460921040017
2019-11-03,0.0,71,43,57.0,4.1664088777166794
2019-11-04,0.0,76,56,66.0,4.113673406641319
2019-11-05,0.62,82,67,74.5,4.05660577733966
2019-11-06,0.0,82,66,74.0,4.197494670894751
2019-11-07,0.0,77,66,71.5,3.391260742590726
2019-11-08,0.02,70,60,65.0,2.963910077673356
2019-11-09,0.0,67,42,54.5,3.9614564277325557
2019-11-10,0.0,71,38,54.5,4.587161078689009
2019-11-11,0.0,78,43,60.5,5.284057794751635
2019-11-12,0.02,68,38,53.0,4.318090875035513
2019-11-13,0.0,56,33,44.5,3.198127238486698
2019-11-14,0.1,56,46,51.0,2.4336821962464334
2019-11-15,0.02,53,46,49.5,1.9899748153309667
2019-11-16,1e-05,56,47,51.5,2.3632816664533216
2019-11-17,0.0,68,49,58.5,3.925587075072337
2019-11-18,0.0,71,46,58.5,4.531492081683499
2019-11-19,0.0,70,36,53.0,4.817515312096593
2019-11-20,0.0,71,39,55.0,4.878805128047495
2019-11-21,0.0,72,37,54.5,5.085193803142441
2019-11-22,0.0,74,44,59.0,5.124860519912626
2019-11-23,0.09,80,52,66.0,5.567963031785783
2019-11-24,0.0,60,41,50.5,3.5283851986519985
2019-11-25,0.0,65,36,50.5,4.380971264252519
2019-11-26,0.0,71,38,54.5,5.06756143172675
2019-11-27,0.0,84,54,69.0,6.144656615251458
2019-11-28,0.0,78,52,65.0,5.412915362500083
2019-11-29,0.0,78,44,61.0,5.8339721737983155
2019-11-30,0.0,78,44,61.0,5.857727836719882
2019-12-01,0.08,80,59,69.5,5.265054163159539
2019-12-02,0.0,61,38,49.5,3.939854338918943
2019-12-03,0.0,56,29,42.5,3.6784066686350765
2019-12-04,0.0,66,30,48.0,4.812526104595294
2019-12-05,0.0,70,33,51.5,5.250744664659623
2019-12-06,0.0,70,37,53.5,5.166375663191766
2019-12-07,0.0,69,50,59.5,4.37149001677927
2019-12-08,0.0,73,55,64.0,4.588204739741318
2019-12-09,0.14,76,59,67.5,4.71378929769879
2019-12-10,1e-05,80,58,69.0,5.4934380887663465
2019-12-11,0.02,58,49,53.5,2.730217000600726
2019-12-12,0.06,61,50,55.5,3.1367731722368912
2019-12-13,0.08,57,52,54.5,2.0800905999917876
2019-12-14,0.24,65,43,54.0,4.329401201667851
2019-12-15,0.0,71,39,55.0,5.3246538125764715
2019-12-16,0.0,77,43,60.0,5.993391482194489
2019-12-17,1.07,76,46,61.0,5.7284864831308
2019-12-18,0.0,53,31,42.0,3.3808716708500204
2019-12-19,0.0,57,28,42.5,3.929693296057427
2019-12-20,0.0,65,42,53.5,4.405848926674424
2019-12-21,0.04,64,53,58.5,3.3318014871806443
2019-12-22,1.55,66,56,61.0,3.3121111771745957
2019-12-23,0.0,62,51,56.5,3.21677311268184
2019-12-24,1e-05,71,55,63.0,4.32354474778303
2019-12-25,0.0,75,52,63.5,5.221411861574654
2019-12-26,0.0,76,54,65.0,5.222751319065854
2019-12-27,0.0,80,58,69.0,5.538190038580475
2019-12-28,0.06,74,64,69.0,3.7292576888451423
2019-12-29,0.1,74,68,71.0,2.968135443051373
2019-12-30,0.02,72,47,59.5,5.06973394939179
2019-12-31,0.0,64,38,51.0,4.424075920137872
2020-01-01,0.0,65,34,49.5,4.6794919906660875
2020-01-02,0.0,73,51,62.0,4.92605638985993
2020-01-03,0.04,78,69,73.5,3.7259181978783853
2020-01-04,0.25,75,50,62.5,5.26752167968169
2020-01-05,0.0,61,35,48.0,4.1150583677774435
2020-01-06,0.0,69,32,50.5,5.149300010055882
2020-01-07,0.0,69,38,53.5,4.977542770307326
2020-01-08,0.0,66,30,48.0,4.79702160389266
2020-01-09,0.0,73,29,51.0,5.614796725617716
2020-01-10,0.0,79,58,68.5,5.189773192324069
2020-01-11,0.54,75,69,72.0,2.9044209313482487
2020-01-12,0.03,72,63,67.5,3.3214379593818224
2020-01-13,0.07,76,61,68.5,4.332964948289401
2020-01-14,0.0,81,59,70.0,5.338540432375764
2020-01-15,0.03,77,65,71.0,3.9805788455456326
2020-01-16,1e-05,79,64,71.5,4.460184008716215
2020-01-17,0.0,72,54,63.0,4.283848957709603
2020-01-18,0.08,73,50,61.5,4.70266959304181
2020-01-19,1e-05,66,46,56.0,3.9718731721878044
2020-01-20,0.0,51,30,40.5,2.9278754153453352
2020-01-21,0.0,47,30,38.5,2.4899464709840253
2020-01-22,0.0,59,29,44.0,3.757283902255477
2020-01-23,1e-05,69,49,59.0,4.087494205018407
2020-01-24,0.06,70,48,59.0,4.2599117513129965
2020-01-25,0.0,60,37,48.5,3.5577134560758594
2020-01-26,0.02,62,34,48.0,3.858964355957554
2020-01-27,1e-05,62,46,54.0,3.2588361095798004
2020-01-28,0.0,67,36,51.5,4.295638005279388
2020-01-29,0.06,53,35,44.0,2.776628737948601
2020-01-30,0.0,65,48,56.5,3.4384504212139473
2020-01-31,0.15,56,48,52.0,2.1544143727019023
2020-02-01,1e-05,52,39,45.5,2.3844712660229415
