datetime,Gage_Height
2017-01-27 00:00:00+00:00,5.470909091
2017-01-28 00:00:00+00:00,5.418020833
2017-01-29 00:00:00+00:00,5.3453125
2017-01-30 00:00:00+00:00,5.237916667
2017-01-31 00:00:00+00:00,5.1715625
2017-02-01 00:00:00+00:00,5.136770833
2017-02-02 00:00:00+00:00,5.0803125
2017-02-03 00:00:00+00:00,4.989583333
2017-02-04 00:00:00+00:00,4.896666667
2017-02-05 00:00:00+00:00,4.84625
2017-02-06 00:00:00+00:00,4.802604167
2017-02-07 00:00:00+00:00,4.869479167
2017-02-08 00:00:00+00:00,4.978541667
2017-02-09 00:00:00+00:00,4.950416667
2017-02-10 00:00:00+00:00,4.767916667
2017-02-11 00:00:00+00:00,4.8159375
2017-02-12 00:00:00+00:00,4.8315625
2017-02-13 00:00:00+00:00,4.7365625
2017-02-14 00:00:00+00:00,4.707708333
2017-02-15 00:00:00+00:00,4.751354167
2017-02-16 00:00:00+00:00,4.60125
2017-02-17 00:00:00+00:00,4.529895833
2017-02-18 00:00:00+00:00,4.550208333
2017-02-19 00:00:00+00:00,4.65
2017-02-20 00:00:00+00:00,4.532291667
2017-02-21 00:00:00+00:00,4.539375
2017-02-22 00:00:00+00:00,4.760729167
2017-02-23 00:00:00+00:00,4.795520833
2017-02-24 00:00:00+00:00,4.683020833
2017-02-25 00:00:00+00:00,4.7303125
2017-02-26 00:00:00+00:00,4.583020833
2017-02-27 00:00:00+00:00,4.634375
2017-02-28 00:00:00+00:00,4.720416667
2017-03-01 00:00:00+00:00,4.7259375
2017-03-02 00:00:00+00:00,4.621145833
2017-03-03 00:00:00+00:00,4.3728125
2017-03-04 00:00:00+00:00,4.303958333
2017-03-05 00:00:00+00:00,4.3140625
2017-03-06 00:00:00+00:00,4.568645833
2017-03-07 00:00:00+00:00,4.7428125
2017-03-08 00:00:00+00:00,4.6840625
2017-03-09 00:00:00+00:00,4.511354167
2017-03-10 00:00:00+00:00,4.425416667
2017-03-11 00:00:00+00:00,4.385729167
2017-03-12 00:00:00+00:00,4.426354167
2017-03-13 00:00:00+00:00,4.427083333
2017-03-14 00:00:00+00:00,4.5665625
2017-03-15 00:00:00+00:00,4.279479167
2017-03-16 00:00:00+00:00,4.174479167
2017-03-17 00:00:00+00:00,4.167291667
2017-03-18 00:00:00+00:00,4.2021875
2017-03-19 00:00:00+00:00,4.208125
2017-03-20 00:00:00+00:00,4.153854167
2017-03-21 00:00:00+00:00,4.156770833
2017-03-22 00:00:00+00:00,4.211354167
2017-03-23 00:00:00+00:00,4.347291667
2017-03-24 00:00:00+00:00,4.230208333
2017-03-25 00:00:00+00:00,4.405729167
2017-03-26 00:00:00+00:00,4.579583333
2017-03-27 00:00:00+00:00,4.682083333
2017-03-28 00:00:00+00:00,4.7475
2017-03-29 00:00:00+00:00,4.785416667
2017-03-30 00:00:00+00:00,4.823020833
2017-03-31 00:00:00+00:00,4.953333333
2017-04-01 00:00:00+00:00,4.975208333
2017-04-02 00:00:00+00:00,4.895416667
2017-04-03 00:00:00+00:00,4.955416667
2017-04-04 00:00:00+00:00,5.355833333
2017-04-05 00:00:00+00:00,5.478541667
2017-04-06 00:00:00+00:00,5.33625
2017-04-07 00:00:00+00:00,5.07375
2017-04-08 00:00:00+00:00,4.963958333
2017-04-09 00:00:00+00:00,4.9165625
2017-04-10 00:00:00+00:00,4.901770833
2017-04-11 00:00:00+00:00,4.885729167
2017-04-12 00:00:00+00:00,4.860520833
2017-04-13 00:00:00+00:00,4.838020833
2017-04-14 00:00:00+00:00,4.764479167
2017-04-15 00:00:00+00:00,4.734791667
2017-04-16 00:00:00+00:00,4.715
2017-04-17 00:00:00+00:00,4.679895833
2017-04-18 00:00:00+00:00,4.6428125
2017-04-19 00:00:00+00:00,4.6221875
2017-04-20 00:00:00+00:00,4.5925
2017-04-21 00:00:00+00:00,4.618333333
2017-04-22 00:00:00+00:00,4.742916667
2017-04-23 00:00:00+00:00,4.791979167
2017-04-24 00:00:00+00:00,4.66625
2017-04-25 00:00:00+00:00,4.593958333
2017-04-26 00:00:00+00:00,4.698645833
2017-04-27 00:00:00+00:00,4.873229167
2017-04-28 00:00:00+00:00,4.8621875
2017-04-29 00:00:00+00:00,4.7778125
2017-04-30 00:00:00+00:00,4.796666667
2017-05-01 00:00:00+00:00,4.858958333
2017-05-02 00:00:00+00:00,4.717604167
2017-05-03 00:00:00+00:00,4.611157895
2017-05-04 00:00:00+00:00,4.7540625
2017-05-05 00:00:00+00:00,4.822395833
2017-05-06 00:00:00+00:00,4.480104167
2017-05-07 00:00:00+00:00,4.473125
2017-05-08 00:00:00+00:00,4.461354167
2017-05-09 00:00:00+00:00,4.446041667
2017-05-10 00:00:00+00:00,4.425625
2017-05-11 00:00:00+00:00,4.439166667
2017-05-12 00:00:00+00:00,4.468333333
2017-05-13 00:00:00+00:00,4.652916667
2017-05-14 00:00:00+00:00,4.63375
2017-05-15 00:00:00+00:00,4.530208333
2017-05-16 00:00:00+00:00,4.4865625
2017-05-17 00:00:00+00:00,4.470833333
2017-05-18 00:00:00+00:00,4.659270833
2017-05-19 00:00:00+00:00,4.7553125
2017-05-20 00:00:00+00:00,4.811458333
2017-05-21 00:00:00+00:00,4.749479167
2017-05-22 00:00:00+00:00,4.559895833
2017-05-23 00:00:00+00:00,4.77125
2017-05-24 00:00:00+00:00,4.985104167
2017-05-25 00:00:00+00:00,5.025833333
2017-05-26 00:00:00+00:00,4.837291667
2017-05-27 00:00:00+00:00,4.818229167
2017-05-28 00:00:00+00:00,4.771979167
2017-05-29 00:00:00+00:00,4.739270833
2017-05-30 00:00:00+00:00,4.641041667
2017-05-31 00:00:00+00:00,4.626666667
2017-06-01 00:00:00+00:00,4.6065625
2017-06-02 00:00:00+00:00,4.825208333
2017-06-03 00:00:00+00:00,4.898645833
2017-06-04 00:00:00+00:00,4.9496875
2017-06-05 00:00:00+00:00,5.036979167
2017-06-06 00:00:00+00:00,5.205416667
2017-06-07 00:00:00+00:00,5.54875
2017-06-08 00:00:00+00:00,6.013229167
2017-06-09 00:00:00+00:00,6.249270833
2017-06-10 00:00:00+00:00,6.276145833
2017-06-11 00:00:00+00:00,6.184166667
2017-06-12 00:00:00+00:00,6.098333333
2017-06-13 00:00:00+00:00,6.0278125
2017-06-14 00:00:00+00:00,5.983958333
2017-06-15 00:00:00+00:00,5.944166667
2017-06-16 00:00:00+00:00,5.928229167
2017-06-17 00:00:00+00:00,5.902604167
2017-06-18 00:00:00+00:00,5.8753125
2017-06-19 00:00:00+00:00,5.8525
2017-06-20 00:00:00+00:00,5.9440625
2017-06-21 00:00:00+00:00,6.2021875
2017-06-22 00:00:00+00:00,6.531354167
2017-06-23 00:00:00+00:00,6.677291667
2017-06-24 00:00:00+00:00,6.591979167
2017-06-25 00:00:00+00:00,6.452291667
2017-06-26 00:00:00+00:00,6.344166667
2017-06-27 00:00:00+00:00,6.228854167
2017-06-28 00:00:00+00:00,6.162291667
2017-06-29 00:00:00+00:00,6.121075269
2017-06-30 00:00:00+00:00,6.060625
2017-07-01 00:00:00+00:00,5.984270833
2017-07-02 00:00:00+00:00,5.885625
2017-07-03 00:00:00+00:00,5.773854167
2017-07-04 00:00:00+00:00,5.680625
2017-07-05 00:00:00+00:00,5.594166667
2017-07-06 00:00:00+00:00,5.546979167
2017-07-07 00:00:00+00:00,5.504479167
2017-07-08 00:00:00+00:00,5.507291667
2017-07-09 00:00:00+00:00,5.50375
2017-07-10 00:00:00+00:00,5.533854167
2017-07-11 00:00:00+00:00,5.5575
2017-07-12 00:00:00+00:00,5.623229167
2017-07-13 00:00:00+00:00,5.6459375
2017-07-14 00:00:00+00:00,5.682291667
2017-07-15 00:00:00+00:00,5.7234375
2017-07-16 00:00:00+00:00,5.751458333
2017-07-17 00:00:00+00:00,5.811979167
2017-07-18 00:00:00+00:00,5.856145833
2017-07-19 00:00:00+00:00,5.850729167
2017-07-20 00:00:00+00:00,5.807291667
2017-07-21 00:00:00+00:00,5.770208333
2017-07-22 00:00:00+00:00,5.725729167
2017-07-23 00:00:00+00:00,5.748541667
2017-07-24 00:00:00+00:00,5.801770833
2017-07-25 00:00:00+00:00,5.747083333
2017-07-26 00:00:00+00:00,5.688020833
2017-07-27 00:00:00+00:00,5.6353125
2017-07-28 00:00:00+00:00,5.567604167
2017-07-29 00:00:00+00:00,5.5203125
2017-07-30 00:00:00+00:00,5.481875
2017-07-31 00:00:00+00:00,5.4265625
2017-08-01 00:00:00+00:00,5.364895833
2017-08-02 00:00:00+00:00,5.3453125
2017-08-03 00:00:00+00:00,5.349791667
2017-08-04 00:00:00+00:00,5.373229167
2017-08-05 00:00:00+00:00,5.431041667
2017-08-06 00:00:00+00:00,5.424270833
2017-08-07 00:00:00+00:00,5.473645833
2017-08-08 00:00:00+00:00,5.498333333
2017-08-09 00:00:00+00:00,5.483541667
2017-08-10 00:00:00+00:00,5.50125
2017-08-11 00:00:00+00:00,5.475
2017-08-12 00:00:00+00:00,5.44625
2017-08-13 00:00:00+00:00,5.424479167
2017-08-14 00:00:00+00:00,5.3925
2017-08-15 00:00:00+00:00,5.3840625
2017-08-16 00:00:00+00:00,5.375520833
2017-08-17 00:00:00+00:00,5.331041667
2017-08-18 00:00:00+00:00,5.269479167
2017-08-19 00:00:00+00:00,5.2475
2017-08-20 00:00:00+00:00,5.2340625
2017-08-21 00:00:00+00:00,5.272282609
2017-08-22 00:00:00+00:00,5.281458333
2017-08-23 00:00:00+00:00,5.28576087
2017-08-24 00:00:00+00:00,5.2175
2017-08-25 00:00:00+00:00,5.207395833
2017-08-26 00:00:00+00:00,5.14875
2017-08-27 00:00:00+00:00,5.0815625
2017-08-28 00:00:00+00:00,5.039375
2017-08-29 00:00:00+00:00,5.1146875
2017-08-30 00:00:00+00:00,5.283229167
2017-08-31 00:00:00+00:00,5.3034375
2017-09-01 00:00:00+00:00,5.175208333
2017-09-02 00:00:00+00:00,5.142395833
2017-09-03 00:00:00+00:00,5.136354167
2017-09-04 00:00:00+00:00,5.147395833
2017-09-05 00:00:00+00:00,5.177291667
2017-09-06 00:00:00+00:00,5.215729167
2017-09-07 00:00:00+00:00,5.173333333
2017-09-08 00:00:00+00:00,5.1865625
2017-09-09 00:00:00+00:00,5.044375
2017-09-10 00:00:00+00:00,4.874270833
2017-09-11 00:00:00+00:00,4.683125
2017-09-12 00:00:00+00:00,5.035729167
2017-09-13 00:00:00+00:00,5.185
2017-09-14 00:00:00+00:00,5.428645833
2017-09-15 00:00:00+00:00,5.531666667
2017-09-16 00:00:00+00:00,5.5403125
2017-09-17 00:00:00+00:00,5.359270833
2017-09-18 00:00:00+00:00,5.1778125
2017-09-19 00:00:00+00:00,5.130104167
2017-09-20 00:00:00+00:00,5.087934783
2017-09-21 00:00:00+00:00,5.077717391
2017-09-22 00:00:00+00:00,5.0928125
2017-09-23 00:00:00+00:00,5.038285714
2017-09-24 00:00:00+00:00,5.07
2017-09-25 00:00:00+00:00,5.05
2017-09-26 00:00:00+00:00,5.171041667
2017-09-27 00:00:00+00:00,5.184895833
2017-09-28 00:00:00+00:00,5.184583333
2017-09-29 00:00:00+00:00,5.1971875
2017-09-30 00:00:00+00:00,5.2421875
2017-10-01 00:00:00+00:00,5.208020833
2017-10-02 00:00:00+00:00,5.2240625
2017-10-03 00:00:00+00:00,5.294479167
2017-10-04 00:00:00+00:00,5.166770833
2017-10-05 00:00:00+00:00,4.963958333
2017-10-06 00:00:00+00:00,5.0346875
2017-10-07 00:00:00+00:00,5.3475
2017-10-08 00:00:00+00:00,5.699479167
2017-10-09 00:00:00+00:00,5.6921875
2017-10-10 00:00:00+00:00,5.636770833
2017-10-11 00:00:00+00:00,5.5821875
2017-10-12 00:00:00+00:00,5.561041667
2017-10-13 00:00:00+00:00,5.547708333
2017-10-14 00:00:00+00:00,5.542916667
2017-10-15 00:00:00+00:00,5.606354167
2017-10-16 00:00:00+00:00,5.6346875
2017-10-17 00:00:00+00:00,5.5634375
2017-10-18 00:00:00+00:00,5.5234375
2017-10-19 00:00:00+00:00,5.513020833
2017-10-20 00:00:00+00:00,5.469166667
2017-10-21 00:00:00+00:00,5.4840625
2017-10-22 00:00:00+00:00,5.535104167
2017-10-23 00:00:00+00:00,5.6934375
2017-10-24 00:00:00+00:00,5.6828125
2017-10-25 00:00:00+00:00,5.569166667
2017-10-26 00:00:00+00:00,5.2796875
2017-10-27 00:00:00+00:00,5.0475
2017-10-28 00:00:00+00:00,5.0946875
2017-10-29 00:00:00+00:00,5.2625
2017-10-30 00:00:00+00:00,5.079270833
2017-10-31 00:00:00+00:00,5.075833333
2017-11-01 00:00:00+00:00,5.127916667
2017-11-02 00:00:00+00:00,5.226666667
2017-11-03 00:00:00+00:00,5.280208333
2017-11-04 00:00:00+00:00,5.2815625
2017-11-05 00:00:00+00:00,5.300729167
2017-11-06 00:00:00+00:00,5.350104167
2017-11-07 00:00:00+00:00,5.366770833
2017-11-08 00:00:00+00:00,5.400833333
2017-11-09 00:00:00+00:00,5.43
2017-11-10 00:00:00+00:00,5.41
2017-11-11 00:00:00+00:00,5.4
2017-11-12 00:00:00+00:00,5.4128125
2017-11-13 00:00:00+00:00,5.4415625
2017-11-14 00:00:00+00:00,5.447083333
2017-11-15 00:00:00+00:00,5.455208333
2017-11-16 00:00:00+00:00,5.477916667
2017-11-17 00:00:00+00:00,5.501666667
2017-11-18 00:00:00+00:00,5.544895833
2017-11-19 00:00:00+00:00,5.596145833
2017-11-20 00:00:00+00:00,5.514583333
2017-11-21 00:00:00+00:00,5.532291667
2017-11-22 00:00:00+00:00,5.589375
2017-11-23 00:00:00+00:00,5.552916667
2017-11-24 00:00:00+00:00,5.494166667
2017-11-25 00:00:00+00:00,5.4646875
2017-11-26 00:00:00+00:00,5.444166667
2017-11-27 00:00:00+00:00,5.403125
2017-11-28 00:00:00+00:00,5.392916667
2017-11-29 00:00:00+00:00,5.387916667
2017-11-30 00:00:00+00:00,5.379166667
2017-12-01 00:00:00+00:00,5.389270833
2017-12-02 00:00:00+00:00,5.415416667
2017-12-03 00:00:00+00:00,5.419479167
2017-12-04 00:00:00+00:00,5.431041667
2017-12-05 00:00:00+00:00,5.456666667
2017-12-06 00:00:00+00:00,5.4746875
2017-12-07 00:00:00+00:00,5.396770833
2017-12-08 00:00:00+00:00,5.4
2017-12-09 00:00:00+00:00,5.397916667
2017-12-10 00:00:00+00:00,5.2940625
2017-12-11 00:00:00+00:00,5.302395833
2017-12-12 00:00:00+00:00,5.349270833
2017-12-13 00:00:00+00:00,5.327608696
2017-12-14 00:00:00+00:00,5.359375
2017-12-15 00:00:00+00:00,5.4046875
2017-12-16 00:00:00+00:00,5.380416667
2017-12-17 00:00:00+00:00,5.369270833
2017-12-18 00:00:00+00:00,5.3903125
2017-12-19 00:00:00+00:00,5.376666667
2017-12-20 00:00:00+00:00,5.362916667
2017-12-21 00:00:00+00:00,5.375783133
2017-12-22 00:00:00+00:00,5.3440625
2017-12-23 00:00:00+00:00,5.342083333
2017-12-24 00:00:00+00:00,5.340104167
2017-12-25 00:00:00+00:00,5.265833333
2017-12-26 00:00:00+00:00,5.225208333
2017-12-27 00:00:00+00:00,5.238645833
2017-12-28 00:00:00+00:00,5.2403125
2017-12-29 00:00:00+00:00,5.222395833
2017-12-30 00:00:00+00:00,5.2228125
2017-12-31 00:00:00+00:00,5.234270833
2018-01-01 00:00:00+00:00,5.219270833
2018-01-02 00:00:00+00:00,5.134375
2018-01-03 00:00:00+00:00,5.1315625
2018-01-04 00:00:00+00:00,5.124895833
2018-01-05 00:00:00+00:00,5.134375
2018-01-06 00:00:00+00:00,5.168229167
2018-01-07 00:00:00+00:00,5.185625
2018-01-08 00:00:00+00:00,5.239479167
2018-01-09 00:00:00+00:00,5.294479167
2018-01-10 00:00:00+00:00,5.2728125
2018-01-11 00:00:00+00:00,5.242916667
2018-01-12 00:00:00+00:00,5.245520833
2018-01-13 00:00:00+00:00,5.196458333
2018-01-14 00:00:00+00:00,5.1265625
2018-01-15 00:00:00+00:00,5.102916667
2018-01-16 00:00:00+00:00,5.101770833
2018-01-17 00:00:00+00:00,5.101875
2018-01-18 00:00:00+00:00,5.0603125
2018-01-19 00:00:00+00:00,5.08125
2018-01-20 00:00:00+00:00,5.1178125
2018-01-21 00:00:00+00:00,5.145625
2018-01-22 00:00:00+00:00,5.169895833
2018-01-23 00:00:00+00:00,5.204791667
2018-01-24 00:00:00+00:00,5.151979167
2018-01-25 00:00:00+00:00,5.085104167
2018-01-26 00:00:00+00:00,5.059895833
2018-01-27 00:00:00+00:00,5.076875
2018-01-28 00:00:00+00:00,5.131979167
2018-01-29 00:00:00+00:00,5.177604167
2018-01-30 00:00:00+00:00,5.077395833
2018-01-31 00:00:00+00:00,5.031666667
2018-02-01 00:00:00+00:00,5.078125
2018-02-02 00:00:00+00:00,5.117157895
2018-02-03 00:00:00+00:00,5.045625
2018-02-04 00:00:00+00:00,5.125208333
2018-02-05 00:00:00+00:00,5.173333333
2018-02-06 00:00:00+00:00,5.118645833
2018-02-07 00:00:00+00:00,5.123958333
2018-02-08 00:00:00+00:00,5.126354167
2018-02-09 00:00:00+00:00,5.114361702
2018-02-10 00:00:00+00:00,5.144895833
2018-02-11 00:00:00+00:00,5.177708333
2018-02-12 00:00:00+00:00,5.2253125
2018-02-13 00:00:00+00:00,5.271354167
2018-02-14 00:00:00+00:00,5.35125
2018-02-15 00:00:00+00:00,5.416354167
2018-02-16 00:00:00+00:00,5.4634375
2018-02-17 00:00:00+00:00,5.484479167
2018-02-18 00:00:00+00:00,5.486666667
2018-02-19 00:00:00+00:00,5.4671875
2018-02-20 00:00:00+00:00,5.464270833
2018-02-21 00:00:00+00:00,5.463333333
2018-02-22 00:00:00+00:00,5.4384375
2018-02-23 00:00:00+00:00,5.4109375
2018-02-24 00:00:00+00:00,5.39375
2018-02-25 00:00:00+00:00,5.4096875
2018-02-26 00:00:00+00:00,5.421458333
2018-02-27 00:00:00+00:00,5.401979167
2018-02-28 00:00:00+00:00,5.397708333
2018-03-01 00:00:00+00:00,5.432395833
2018-03-02 00:00:00+00:00,5.390416667
2018-03-03 00:00:00+00:00,5.245208333
2018-03-04 00:00:00+00:00,5.161875
2018-03-05 00:00:00+00:00,5.163229167
2018-03-06 00:00:00+00:00,5.231145833
2018-03-07 00:00:00+00:00,5.2821875
2018-03-08 00:00:00+00:00,5.129479167
2018-03-09 00:00:00+00:00,5.081666667
2018-03-10 00:00:00+00:00,5.1625
2018-03-11 00:00:00+00:00,5.265833333
2018-03-12 00:00:00+00:00,5.296875
2018-03-13 00:00:00+00:00,5.206458333
2018-03-14 00:00:00+00:00,5.185520833
2018-03-15 00:00:00+00:00,5.191041667
2018-03-16 00:00:00+00:00,5.2525
2018-03-17 00:00:00+00:00,5.314583333
2018-03-18 00:00:00+00:00,5.361354167
2018-03-19 00:00:00+00:00,5.534791667
2018-03-20 00:00:00+00:00,5.841979167
2018-03-21 00:00:00+00:00,6.013125
2018-03-22 00:00:00+00:00,6.009895833
2018-03-23 00:00:00+00:00,5.799895833
2018-03-24 00:00:00+00:00,5.654583333
2018-03-25 00:00:00+00:00,5.610104167
2018-03-26 00:00:00+00:00,5.500416667
2018-03-27 00:00:00+00:00,5.370416667
2018-03-28 00:00:00+00:00,5.395104167
2018-03-29 00:00:00+00:00,5.41125
2018-03-30 00:00:00+00:00,5.4365625
2018-03-31 00:00:00+00:00,5.175208333
2018-04-01 00:00:00+00:00,5.113958333
2018-04-02 00:00:00+00:00,5.077395833
2018-04-03 00:00:00+00:00,5.0375
2018-04-04 00:00:00+00:00,4.986145833
2018-04-05 00:00:00+00:00,4.864895833
2018-04-06 00:00:00+00:00,4.77125
2018-04-07 00:00:00+00:00,4.877291667
2018-04-08 00:00:00+00:00,4.9553125
2018-04-09 00:00:00+00:00,4.9090625
2018-04-10 00:00:00+00:00,5.1271875
2018-04-11 00:00:00+00:00,5.1625
2018-04-12 00:00:00+00:00,5.092708333
2018-04-13 00:00:00+00:00,4.9528125
2018-04-14 00:00:00+00:00,5.0278125
2018-04-15 00:00:00+00:00,5.117604167
2018-04-16 00:00:00+00:00,4.892291667
2018-04-17 00:00:00+00:00,4.709583333
2018-04-18 00:00:00+00:00,4.727916667
2018-04-19 00:00:00+00:00,4.771770833
2018-04-20 00:00:00+00:00,4.736666667
2018-04-21 00:00:00+00:00,4.675625
2018-04-22 00:00:00+00:00,4.640729167
2018-04-23 00:00:00+00:00,4.709583333
2018-04-24 00:00:00+00:00,4.5790625
2018-04-25 00:00:00+00:00,4.4915625
2018-04-26 00:00:00+00:00,4.498333333
2018-04-27 00:00:00+00:00,4.637291667
2018-04-28 00:00:00+00:00,4.501041667
2018-04-29 00:00:00+00:00,4.435104167
2018-04-30 00:00:00+00:00,4.392604167
2018-05-01 00:00:00+00:00,4.498125
2018-05-02 00:00:00+00:00,4.544270833
2018-05-03 00:00:00+00:00,4.464791667
2018-05-04 00:00:00+00:00,4.4384375
2018-05-05 00:00:00+00:00,4.400833333
2018-05-06 00:00:00+00:00,4.348541667
2018-05-07 00:00:00+00:00,4.2471875
2018-05-08 00:00:00+00:00,4.254583333
2018-05-09 00:00:00+00:00,4.226666667
2018-05-10 00:00:00+00:00,4.254375
2018-05-11 00:00:00+00:00,4.3909375
2018-05-12 00:00:00+00:00,4.46125
2018-05-13 00:00:00+00:00,4.560208333
2018-05-14 00:00:00+00:00,4.575520833
2018-05-15 00:00:00+00:00,4.8403125
2018-05-16 00:00:00+00:00,5.080416667
2018-05-17 00:00:00+00:00,5.215104167
2018-05-18 00:00:00+00:00,5.270104167
2018-05-19 00:00:00+00:00,5.3009375
2018-05-20 00:00:00+00:00,5.327083333
2018-05-21 00:00:00+00:00,5.415729167
2018-05-22 00:00:00+00:00,5.48
2018-05-23 00:00:00+00:00,5.496458333
2018-05-24 00:00:00+00:00,5.498645833
2018-05-25 00:00:00+00:00,5.474583333
2018-05-26 00:00:00+00:00,5.515833333
2018-05-27 00:00:00+00:00,5.558333333
2018-05-28 00:00:00+00:00,5.826041667
2018-05-29 00:00:00+00:00,6.110833333
2018-05-30 00:00:00+00:00,6.141041667
2018-05-31 00:00:00+00:00,6.177604167
2018-06-01 00:00:00+00:00,6.074583333
2018-06-02 00:00:00+00:00,5.9109375
2018-06-03 00:00:00+00:00,5.794479167
2018-06-04 00:00:00+00:00,5.6565625
2018-06-05 00:00:00+00:00,5.531979167
2018-06-06 00:00:00+00:00,5.432291667
2018-06-07 00:00:00+00:00,5.346666667
2018-06-08 00:00:00+00:00,5.271354167
2018-06-09 00:00:00+00:00,5.216770833
2018-06-10 00:00:00+00:00,5.189479167
2018-06-11 00:00:00+00:00,5.2121875
2018-06-12 00:00:00+00:00,5.240729167
2018-06-13 00:00:00+00:00,5.272604167
2018-06-14 00:00:00+00:00,5.300729167
2018-06-15 00:00:00+00:00,5.3234375
2018-06-16 00:00:00+00:00,5.363645833
2018-06-17 00:00:00+00:00,5.37875
2018-06-18 00:00:00+00:00,5.314375
2018-06-19 00:00:00+00:00,5.2103125
2018-06-20 00:00:00+00:00,5.138229167
2018-06-21 00:00:00+00:00,5.067604167
2018-06-22 00:00:00+00:00,5.020104167
2018-06-23 00:00:00+00:00,4.991145833
2018-06-24 00:00:00+00:00,4.9728125
2018-06-25 00:00:00+00:00,4.970729167
2018-06-26 00:00:00+00:00,4.9840625
2018-06-27 00:00:00+00:00,4.9675
2018-06-28 00:00:00+00:00,5.068541667
2018-06-29 00:00:00+00:00,5.149166667
2018-06-30 00:00:00+00:00,5.213958333
2018-07-01 00:00:00+00:00,5.1996875
2018-07-02 00:00:00+00:00,5.072916667
2018-07-03 00:00:00+00:00,4.976875
2018-07-04 00:00:00+00:00,4.951458333
2018-07-05 00:00:00+00:00,4.9409375
2018-07-06 00:00:00+00:00,4.956145833
2018-07-07 00:00:00+00:00,4.968125
2018-07-08 00:00:00+00:00,4.877395833
2018-07-09 00:00:00+00:00,4.854375
2018-07-10 00:00:00+00:00,4.894270833
2018-07-11 00:00:00+00:00,4.928541667
2018-07-12 00:00:00+00:00,4.943333333
2018-07-13 00:00:00+00:00,4.934895833
2018-07-14 00:00:00+00:00,4.87625
2018-07-15 00:00:00+00:00,4.886145833
2018-07-16 00:00:00+00:00,4.998125
2018-07-17 00:00:00+00:00,5.0834375
2018-07-18 00:00:00+00:00,4.934583333
2018-07-19 00:00:00+00:00,4.923020833
2018-07-20 00:00:00+00:00,4.967604167
2018-07-21 00:00:00+00:00,4.975208333
2018-07-22 00:00:00+00:00,4.967604167
2018-07-23 00:00:00+00:00,5.0353125
2018-07-24 00:00:00+00:00,5.07375
2018-07-25 00:00:00+00:00,5.109166667
2018-07-26 00:00:00+00:00,5.158645833
2018-07-27 00:00:00+00:00,5.147916667
2018-07-28 00:00:00+00:00,5.070208333
2018-07-29 00:00:00+00:00,5.069791667
2018-07-30 00:00:00+00:00,5.107604167
2018-07-31 00:00:00+00:00,5.157083333
2018-08-01 00:00:00+00:00,5.317395833
2018-08-02 00:00:00+00:00,5.7246875
2018-08-03 00:00:00+00:00,6.458645833
2018-08-04 00:00:00+00:00,7.034583333
2018-08-05 00:00:00+00:00,7.2140625
2018-08-06 00:00:00+00:00,7.118333333
2018-08-07 00:00:00+00:00,6.978854167
2018-08-08 00:00:00+00:00,6.852708333
2018-08-09 00:00:00+00:00,6.746458333
2018-08-10 00:00:00+00:00,6.600625
2018-08-11 00:00:00+00:00,6.444166667
2018-08-12 00:00:00+00:00,6.291666667
2018-08-13 00:00:00+00:00,6.181770833
2018-08-14 00:00:00+00:00,6.0896875
2018-08-15 00:00:00+00:00,6.0059375
2018-08-16 00:00:00+00:00,5.940625
2018-08-17 00:00:00+00:00,5.897291667
2018-08-18 00:00:00+00:00,5.83125
2018-08-19 00:00:00+00:00,5.770833333
2018-08-20 00:00:00+00:00,5.720416667
2018-08-21 00:00:00+00:00,5.684583333
2018-08-22 00:00:00+00:00,5.654583333
2018-08-23 00:00:00+00:00,5.60125
2018-08-24 00:00:00+00:00,5.55375
2018-08-25 00:00:00+00:00,5.558020833
2018-08-26 00:00:00+00:00,5.535416667
2018-08-27 00:00:00+00:00,5.5340625
2018-08-28 00:00:00+00:00,5.486666667
2018-08-29 00:00:00+00:00,5.535104167
2018-08-30 00:00:00+00:00,5.512083333
2018-08-31 00:00:00+00:00,5.5134375
2018-09-01 00:00:00+00:00,5.4946875
2018-09-02 00:00:00+00:00,5.472708333
2018-09-03 00:00:00+00:00,5.479166667
2018-09-04 00:00:00+00:00,5.551875
2018-09-05 00:00:00+00:00,5.609895833
2018-09-06 00:00:00+00:00,5.596979167
2018-09-07 00:00:00+00:00,5.579583333
2018-09-08 00:00:00+00:00,5.5984375
2018-09-09 00:00:00+00:00,5.611458333
2018-09-10 00:00:00+00:00,5.61125
2018-09-11 00:00:00+00:00,5.571458333
2018-09-12 00:00:00+00:00,5.5240625
2018-09-13 00:00:00+00:00,5.501666667
2018-09-14 00:00:00+00:00,5.4346875
2018-09-15 00:00:00+00:00,5.3659375
2018-09-16 00:00:00+00:00,5.318125
2018-09-17 00:00:00+00:00,5.307395833
2018-09-18 00:00:00+00:00,5.271770833
2018-09-19 00:00:00+00:00,5.246458333
2018-09-20 00:00:00+00:00,5.2534375
2018-09-21 00:00:00+00:00,5.273541667
2018-09-22 00:00:00+00:00,5.311666667
2018-09-23 00:00:00+00:00,5.263125
2018-09-24 00:00:00+00:00,5.300104167
2018-09-25 00:00:00+00:00,5.256979167
2018-09-26 00:00:00+00:00,5.227708333
2018-09-27 00:00:00+00:00,5.216979167
2018-09-28 00:00:00+00:00,5.154479167
2018-09-29 00:00:00+00:00,5.100833333
2018-09-30 00:00:00+00:00,5.040208333
2018-10-01 00:00:00+00:00,4.972291667
2018-10-02 00:00:00+00:00,4.946145833
2018-10-03 00:00:00+00:00,4.990208333
2018-10-04 00:00:00+00:00,4.998020833
2018-10-05 00:00:00+00:00,5.015729167
2018-10-06 00:00:00+00:00,5.070729167
2018-10-07 00:00:00+00:00,5.101979167
2018-10-08 00:00:00+00:00,5.104791667
2018-10-09 00:00:00+00:00,5.2334375
2018-10-10 00:00:00+00:00,5.985833333
2018-10-11 00:00:00+00:00,6.731458333
2018-10-12 00:00:00+00:00,5.852708333
2018-10-13 00:00:00+00:00,5.671145833
2018-10-14 00:00:00+00:00,5.46625
2018-10-15 00:00:00+00:00,5.311979167
2018-10-16 00:00:00+00:00,5.215833333
2018-10-17 00:00:00+00:00,5.155
2018-10-18 00:00:00+00:00,5.0759375
2018-10-19 00:00:00+00:00,5.022604167
2018-10-20 00:00:00+00:00,5.0990625
2018-10-21 00:00:00+00:00,5.099791667
2018-10-22 00:00:00+00:00,4.974270833
2018-10-23 00:00:00+00:00,5.040625
2018-10-24 00:00:00+00:00,5.113645833
2018-10-25 00:00:00+00:00,5.0775
2018-10-26 00:00:00+00:00,5.226875
2018-10-27 00:00:00+00:00,5.160104167
2018-10-28 00:00:00+00:00,4.856875
2018-10-29 00:00:00+00:00,4.783958333
2018-10-30 00:00:00+00:00,4.7615625
2018-10-31 00:00:00+00:00,4.844166667
2018-11-01 00:00:00+00:00,5.094479167
2018-11-02 00:00:00+00:00,5.2184375
2018-11-03 00:00:00+00:00,5.035729167
2018-11-04 00:00:00+00:00,4.787708333
2018-11-05 00:00:00+00:00,4.873854167
2018-11-06 00:00:00+00:00,5.002395833
2018-11-07 00:00:00+00:00,5.070625
2018-11-08 00:00:00+00:00,5.020729167
2018-11-09 00:00:00+00:00,5.021979167
2018-11-10 00:00:00+00:00,4.978125
2018-11-11 00:00:00+00:00,4.893333333
2018-11-12 00:00:00+00:00,4.908020833
2018-11-13 00:00:00+00:00,5.164791667
2018-11-14 00:00:00+00:00,5.173541667
2018-11-15 00:00:00+00:00,4.988333333
2018-11-16 00:00:00+00:00,4.880104167
2018-11-17 00:00:00+00:00,4.929583333
2018-11-18 00:00:00+00:00,4.982395833
2018-11-19 00:00:00+00:00,5.135833333
2018-11-20 00:00:00+00:00,5.3253125
2018-11-21 00:00:00+00:00,5.361875
2018-11-22 00:00:00+00:00,5.327395833
2018-11-23 00:00:00+00:00,5.284895833
2018-11-24 00:00:00+00:00,5.372604167
2018-11-25 00:00:00+00:00,5.448541667
2018-11-26 00:00:00+00:00,5.561979167
2018-11-27 00:00:00+00:00,5.4290625
2018-11-28 00:00:00+00:00,5.0275
2018-11-29 00:00:00+00:00,4.874791667
2018-11-30 00:00:00+00:00,4.96
2018-12-01 00:00:00+00:00,5.3453125
2018-12-02 00:00:00+00:00,5.676666667
2018-12-03 00:00:00+00:00,5.985833333
2018-12-04 00:00:00+00:00,6.350833333
2018-12-05 00:00:00+00:00,6.638125
2018-12-06 00:00:00+00:00,6.654895833
2018-12-07 00:00:00+00:00,6.47625
2018-12-08 00:00:00+00:00,6.340520833
2018-12-09 00:00:00+00:00,6.314895833
2018-12-10 00:00:00+00:00,6.125729167
2018-12-11 00:00:00+00:00,5.95875
2018-12-12 00:00:00+00:00,5.858229167
2018-12-13 00:00:00+00:00,5.800520833
2018-12-14 00:00:00+00:00,5.9625
2018-12-15 00:00:00+00:00,6.223958333
2018-12-16 00:00:00+00:00,6.377916667
2018-12-17 00:00:00+00:00,6.464479167
2018-12-18 00:00:00+00:00,6.445
2018-12-19 00:00:00+00:00,6.386979167
2018-12-20 00:00:00+00:00,6.422708333
2018-12-21 00:00:00+00:00,6.443229167
2018-12-22 00:00:00+00:00,6.16125
2018-12-23 00:00:00+00:00,6.0615625
2018-12-24 00:00:00+00:00,5.98
2018-12-25 00:00:00+00:00,5.880729167
2018-12-26 00:00:00+00:00,5.7865625
2018-12-27 00:00:00+00:00,5.71625
2018-12-28 00:00:00+00:00,5.706354167
2018-12-29 00:00:00+00:00,5.787395833
2018-12-30 00:00:00+00:00,5.85875
2018-12-31 00:00:00+00:00,5.915520833
2019-01-01 00:00:00+00:00,5.935833333
2019-01-02 00:00:00+00:00,5.8865625
2019-01-03 00:00:00+00:00,5.851354167
2019-01-04 00:00:00+00:00,5.8584375
2019-01-05 00:00:00+00:00,5.828020833
2019-01-06 00:00:00+00:00,5.782916667
2019-01-07 00:00:00+00:00,5.790833333
2019-01-08 00:00:00+00:00,5.758854167
2019-01-09 00:00:00+00:00,5.685520833
2019-01-10 00:00:00+00:00,5.530520833
2019-01-11 00:00:00+00:00,5.483333333
2019-01-12 00:00:00+00:00,5.461145833
2019-01-13 00:00:00+00:00,5.45125
2019-01-14 00:00:00+00:00,5.3515625
2019-01-15 00:00:00+00:00,5.253229167
2019-01-16 00:00:00+00:00,5.205625
2019-01-17 00:00:00+00:00,5.180208333
2019-01-18 00:00:00+00:00,5.1759375
2019-01-19 00:00:00+00:00,5.259375
2019-01-20 00:00:00+00:00,5.387083333
2019-01-21 00:00:00+00:00,5.055833333
2019-01-22 00:00:00+00:00,5.0640625
2019-01-23 00:00:00+00:00,5.153020833
2019-01-24 00:00:00+00:00,5.460416667
2019-01-25 00:00:00+00:00,5.191770833
2019-01-26 00:00:00+00:00,5.065625
2019-01-27 00:00:00+00:00,5.02625
2019-01-28 00:00:00+00:00,4.9675
2019-01-29 00:00:00+00:00,4.9790625
2019-01-30 00:00:00+00:00,4.934479167
2019-01-31 00:00:00+00:00,4.889895833
2019-02-01 00:00:00+00:00,4.908020833
2019-02-02 00:00:00+00:00,5.016354167
2019-02-03 00:00:00+00:00,5.084583333
2019-02-04 00:00:00+00:00,5.1484375
2019-02-05 00:00:00+00:00,5.003645833
2019-02-06 00:00:00+00:00,4.9384375
2019-02-07 00:00:00+00:00,4.920833333
2019-02-08 00:00:00+00:00,4.879375
2019-02-09 00:00:00+00:00,4.716666667
2019-02-10 00:00:00+00:00,4.664270833
2019-02-11 00:00:00+00:00,4.7703125
2019-02-12 00:00:00+00:00,4.9971875
2019-02-13 00:00:00+00:00,4.875520833
2019-02-14 00:00:00+00:00,4.6528125
2019-02-15 00:00:00+00:00,4.7415625
2019-02-16 00:00:00+00:00,4.7840625
2019-02-17 00:00:00+00:00,4.8815625
2019-02-18 00:00:00+00:00,4.898958333
2019-02-19 00:00:00+00:00,4.721354167
2019-02-20 00:00:00+00:00,4.6715625
2019-02-21 00:00:00+00:00,4.7434375
2019-02-22 00:00:00+00:00,4.7028125
2019-02-23 00:00:00+00:00,4.651666667
2019-02-24 00:00:00+00:00,4.584479167
2019-02-25 00:00:00+00:00,4.454895833
2019-02-26 00:00:00+00:00,4.466145833
2019-02-27 00:00:00+00:00,4.548645833
2019-02-28 00:00:00+00:00,4.603541667
2019-03-01 00:00:00+00:00,4.529166667
2019-03-02 00:00:00+00:00,4.562083333
2019-03-03 00:00:00+00:00,4.639375
2019-03-04 00:00:00+00:00,4.788125
2019-03-05 00:00:00+00:00,4.708125
2019-03-06 00:00:00+00:00,4.666979167
2019-03-07 00:00:00+00:00,4.732604167
2019-03-08 00:00:00+00:00,4.883152174
2019-03-09 00:00:00+00:00,4.9771875
2019-03-10 00:00:00+00:00,5.001666667
2019-03-11 00:00:00+00:00,4.88375
2019-03-12 00:00:00+00:00,4.823958333
2019-03-13 00:00:00+00:00,4.773854167
2019-03-14 00:00:00+00:00,4.8190625
2019-03-15 00:00:00+00:00,4.8403125
2019-03-16 00:00:00+00:00,4.6934375
2019-03-17 00:00:00+00:00,4.601354167
2019-03-18 00:00:00+00:00,4.606979167
2019-03-19 00:00:00+00:00,4.5228125
2019-03-20 00:00:00+00:00,4.53375
2019-03-21 00:00:00+00:00,4.588958333
2019-03-22 00:00:00+00:00,4.561041667
2019-03-23 00:00:00+00:00,4.6025
2019-03-24 00:00:00+00:00,4.755520833
2019-03-25 00:00:00+00:00,4.840416667
2019-03-26 00:00:00+00:00,4.896145833
2019-03-27 00:00:00+00:00,4.72125
2019-03-28 00:00:00+00:00,4.431666667
2019-03-29 00:00:00+00:00,4.452916667
2019-03-30 00:00:00+00:00,4.765729167
2019-03-31 00:00:00+00:00,4.8559375
2019-04-01 00:00:00+00:00,4.761458333
2019-04-02 00:00:00+00:00,4.699375
2019-04-03 00:00:00+00:00,4.83
2019-04-04 00:00:00+00:00,4.86375
2019-04-05 00:00:00+00:00,4.970416667
2019-04-06 00:00:00+00:00,5.058020833
2019-04-07 00:00:00+00:00,5.047604167
2019-04-08 00:00:00+00:00,5.0734375
2019-04-09 00:00:00+00:00,5.125833333
2019-04-10 00:00:00+00:00,5.080729167
2019-04-11 00:00:00+00:00,4.877604167
2019-04-12 00:00:00+00:00,4.722916667
2019-04-13 00:00:00+00:00,4.5965625
2019-04-14 00:00:00+00:00,4.761875
2019-04-15 00:00:00+00:00,4.56375
2019-04-16 00:00:00+00:00,4.329583333
2019-04-17 00:00:00+00:00,4.371979167
2019-04-18 00:00:00+00:00,4.48375
2019-04-19 00:00:00+00:00,4.758020833
2019-04-20 00:00:00+00:00,4.548020833
2019-04-21 00:00:00+00:00,4.3046875
2019-04-22 00:00:00+00:00,4.294479167
2019-04-23 00:00:00+00:00,4.241875
2019-04-24 00:00:00+00:00,4.2765625
2019-04-25 00:00:00+00:00,4.41375
2019-04-26 00:00:00+00:00,4.626458333
2019-04-27 00:00:00+00:00,4.511666667
2019-04-28 00:00:00+00:00,4.317291667
2019-04-29 00:00:00+00:00,4.288541667
2019-04-30 00:00:00+00:00,4.5025
2019-05-01 00:00:00+00:00,4.5728125
2019-05-02 00:00:00+00:00,4.474895833
2019-05-03 00:00:00+00:00,4.456666667
2019-05-04 00:00:00+00:00,4.598541667
2019-05-05 00:00:00+00:00,4.655104167
2019-05-06 00:00:00+00:00,4.6209375
2019-05-07 00:00:00+00:00,4.515416667
2019-05-08 00:00:00+00:00,4.519375
2019-05-09 00:00:00+00:00,4.579166667
2019-05-10 00:00:00+00:00,4.555104167
2019-05-11 00:00:00+00:00,4.537291667
2019-05-12 00:00:00+00:00,4.570729167
2019-05-13 00:00:00+00:00,4.590729167
2019-05-14 00:00:00+00:00,4.533541667
2019-05-15 00:00:00+00:00,4.4003125
2019-05-16 00:00:00+00:00,4.512291667
2019-05-17 00:00:00+00:00,4.615208333
2019-05-18 00:00:00+00:00,4.68625
2019-05-19 00:00:00+00:00,4.733333333
2019-05-20 00:00:00+00:00,4.7178125
2019-05-21 00:00:00+00:00,4.6653125
2019-05-22 00:00:00+00:00,4.690729167
2019-05-23 00:00:00+00:00,4.723854167
2019-05-24 00:00:00+00:00,4.6890625
2019-05-25 00:00:00+00:00,4.5521875
2019-05-26 00:00:00+00:00,4.389791667
2019-05-27 00:00:00+00:00,4.567604167
2019-05-28 00:00:00+00:00,4.598333333
2019-05-29 00:00:00+00:00,4.645416667
2019-05-30 00:00:00+00:00,4.710833333
2019-05-31 00:00:00+00:00,4.733854167
2019-06-01 00:00:00+00:00,4.727083333
2019-06-02 00:00:00+00:00,4.723541667
2019-06-03 00:00:00+00:00,4.777708333
2019-06-04 00:00:00+00:00,4.835208333
2019-06-05 00:00:00+00:00,4.8915625
2019-06-06 00:00:00+00:00,4.94375
2019-06-07 00:00:00+00:00,5.037395833
2019-06-08 00:00:00+00:00,5.1246875
2019-06-09 00:00:00+00:00,5.173958333
2019-06-10 00:00:00+00:00,5.139895833
2019-06-11 00:00:00+00:00,5.08
2019-06-12 00:00:00+00:00,5.079583333
2019-06-13 00:00:00+00:00,5.073125
2019-06-14 00:00:00+00:00,5.033229167
2019-06-15 00:00:00+00:00,5.054791667
2019-06-16 00:00:00+00:00,5.0525
2019-06-17 00:00:00+00:00,5.094583333
2019-06-18 00:00:00+00:00,5.122291667
2019-06-19 00:00:00+00:00,5.183645833
2019-06-20 00:00:00+00:00,5.2059375
2019-06-21 00:00:00+00:00,5.19875
2019-06-22 00:00:00+00:00,5.193541667
2019-06-23 00:00:00+00:00,5.224375
2019-06-24 00:00:00+00:00,5.239270833
2019-06-25 00:00:00+00:00,5.235208333
2019-06-26 00:00:00+00:00,5.206875
2019-06-27 00:00:00+00:00,5.190208333
2019-06-28 00:00:00+00:00,5.198125
2019-06-29 00:00:00+00:00,5.238020833
2019-06-30 00:00:00+00:00,5.266041667
2019-07-01 00:00:00+00:00,5.260104167
2019-07-02 00:00:00+00:00,5.210729167
2019-07-03 00:00:00+00:00,5.167291667
2019-07-04 00:00:00+00:00,5.130520833
2019-07-05 00:00:00+00:00,5.155
2019-07-06 00:00:00+00:00,5.176145833
2019-07-07 00:00:00+00:00,5.173854167
2019-07-08 00:00:00+00:00,5.196145833
2019-07-09 00:00:00+00:00,5.1653125
2019-07-10 00:00:00+00:00,5.048541667
2019-07-11 00:00:00+00:00,5.126770833
2019-07-12 00:00:00+00:00,5.066979167
2019-07-13 00:00:00+00:00,5.083854167
2019-07-14 00:00:00+00:00,5.025833333
2019-07-15 00:00:00+00:00,5.001458333
2019-07-16 00:00:00+00:00,4.9378125
2019-07-17 00:00:00+00:00,4.8778125
2019-07-18 00:00:00+00:00,4.864791667
2019-07-19 00:00:00+00:00,4.830208333
2019-07-20 00:00:00+00:00,4.811145833
2019-07-21 00:00:00+00:00,4.7515625
2019-07-22 00:00:00+00:00,4.760104167
2019-07-23 00:00:00+00:00,4.7178125
2019-07-24 00:00:00+00:00,4.6909375
2019-07-25 00:00:00+00:00,4.712291667
2019-07-26 00:00:00+00:00,4.7034375
2019-07-27 00:00:00+00:00,4.61625
2019-07-28 00:00:00+00:00,4.565520833
2019-07-29 00:00:00+00:00,4.545625
2019-07-30 00:00:00+00:00,4.562291667
2019-07-31 00:00:00+00:00,4.5596875
2019-08-01 00:00:00+00:00,4.566458333
2019-08-02 00:00:00+00:00,4.634895833
2019-08-03 00:00:00+00:00,4.7190625
2019-08-04 00:00:00+00:00,4.730104167
2019-08-05 00:00:00+00:00,4.686041667
2019-08-06 00:00:00+00:00,4.6134375
2019-08-07 00:00:00+00:00,4.631354167
2019-08-08 00:00:00+00:00,4.522916667
2019-08-09 00:00:00+00:00,4.448854167
2019-08-10 00:00:00+00:00,4.38875
2019-08-11 00:00:00+00:00,4.401666667
2019-08-12 00:00:00+00:00,4.4475
2019-08-13 00:00:00+00:00,4.51875
2019-08-14 00:00:00+00:00,4.663854167
2019-08-15 00:00:00+00:00,4.754375
2019-08-16 00:00:00+00:00,4.8178125
2019-08-17 00:00:00+00:00,4.9996875
2019-08-18 00:00:00+00:00,5.146354167
2019-08-19 00:00:00+00:00,5.149791667
2019-08-20 00:00:00+00:00,5.207604167
2019-08-21 00:00:00+00:00,5.257083333
2019-08-22 00:00:00+00:00,5.239270833
2019-08-23 00:00:00+00:00,5.1396875
2019-08-24 00:00:00+00:00,5.025625
2019-08-25 00:00:00+00:00,5.07625
2019-08-26 00:00:00+00:00,5.146979167
2019-08-27 00:00:00+00:00,5.2115625
2019-08-28 00:00:00+00:00,5.275104167
2019-08-29 00:00:00+00:00,5.269479167
2019-08-30 00:00:00+00:00,5.226770833
2019-08-31 00:00:00+00:00,5.169166667
2019-09-01 00:00:00+00:00,5.112083333
2019-09-02 00:00:00+00:00,5.011354167
2019-09-03 00:00:00+00:00,4.883229167
2019-09-04 00:00:00+00:00,4.7784375
2019-09-05 00:00:00+00:00,4.692395833
2019-09-06 00:00:00+00:00,4.629791667
2019-09-07 00:00:00+00:00,4.618229167
2019-09-08 00:00:00+00:00,4.675208333
2019-09-09 00:00:00+00:00,4.865520833
2019-09-10 00:00:00+00:00,4.926875
2019-09-11 00:00:00+00:00,4.963333333
2019-09-12 00:00:00+00:00,4.797916667
2019-09-13 00:00:00+00:00,4.663645833
2019-09-14 00:00:00+00:00,4.5603125
2019-09-15 00:00:00+00:00,4.483125
2019-09-16 00:00:00+00:00,4.650104167
2019-09-17 00:00:00+00:00,4.668020833
2019-09-18 00:00:00+00:00,4.509791667
2019-09-19 00:00:00+00:00,4.464479167
2019-09-20 00:00:00+00:00,4.359583333
2019-09-21 00:00:00+00:00,4.4290625
2019-09-22 00:00:00+00:00,4.640104167
2019-09-23 00:00:00+00:00,4.7278125
2019-09-24 00:00:00+00:00,4.781875
2019-09-25 00:00:00+00:00,4.851458333
2019-09-26 00:00:00+00:00,4.89875
2019-09-27 00:00:00+00:00,4.972395833
2019-09-28 00:00:00+00:00,5.0690625
2019-09-29 00:00:00+00:00,5.136666667
2019-09-30 00:00:00+00:00,5.135833333
2019-10-01 00:00:00+00:00,5.136354167
2019-10-02 00:00:00+00:00,5.172291667
2019-10-03 00:00:00+00:00,5.195416667
2019-10-04 00:00:00+00:00,5.1934375
2019-10-05 00:00:00+00:00,5.1690625
2019-10-06 00:00:00+00:00,5.162916667
2019-10-07 00:00:00+00:00,5.15125
2019-10-08 00:00:00+00:00,5.136666667
2019-10-09 00:00:00+00:00,5.150520833
2019-10-10 00:00:00+00:00,5.116041667
2019-10-11 00:00:00+00:00,5.114479167
2019-10-12 00:00:00+00:00,5.143958333
2019-10-13 00:00:00+00:00,5.159375
2019-10-14 00:00:00+00:00,5.184791667
2019-10-15 00:00:00+00:00,5.212083333
2019-10-16 00:00:00+00:00,5.332708333
2019-10-17 00:00:00+00:00,5.16
2019-10-18 00:00:00+00:00,5.126145833
2019-10-19 00:00:00+00:00,5.400625
2019-10-20 00:00:00+00:00,5.327395833
2019-10-21 00:00:00+00:00,5.1509375
2019-10-22 00:00:00+00:00,5.104375
2019-10-23 00:00:00+00:00,5.02625
2019-10-24 00:00:00+00:00,5.00625
2019-10-25 00:00:00+00:00,5.025
2019-10-26 00:00:00+00:00,5.073125
2019-10-27 00:00:00+00:00,5.1128125
2019-10-28 00:00:00+00:00,5.061770833
2019-10-29 00:00:00+00:00,5.054479167
2019-10-30 00:00:00+00:00,5.063854167
2019-10-31 00:00:00+00:00,5.070104167
2019-11-01 00:00:00+00:00,4.971666667
2019-11-02 00:00:00+00:00,4.949270833
2019-11-03 00:00:00+00:00,4.915104167
2019-11-04 00:00:00+00:00,4.917604167
2019-11-05 00:00:00+00:00,4.942604167
2019-11-06 00:00:00+00:00,4.935729167
2019-11-07 00:00:00+00:00,4.940104167
2019-11-08 00:00:00+00:00,4.961145833
2019-11-09 00:00:00+00:00,4.9428125
2019-11-10 00:00:00+00:00,4.9365625
2019-11-11 00:00:00+00:00,4.9725
2019-11-12 00:00:00+00:00,5.0478125
2019-11-13 00:00:00+00:00,4.958854167
2019-11-14 00:00:00+00:00,4.9671875
2019-11-15 00:00:00+00:00,5.012291667
2019-11-16 00:00:00+00:00,4.9496875
2019-11-17 00:00:00+00:00,4.903229167
2019-11-18 00:00:00+00:00,4.945729167
2019-11-19 00:00:00+00:00,4.9746875
2019-11-20 00:00:00+00:00,4.961979167
2019-11-21 00:00:00+00:00,4.9425
2019-11-22 00:00:00+00:00,4.980729167
2019-11-23 00:00:00+00:00,5.0496875
2019-11-24 00:00:00+00:00,5.048020833
2019-11-25 00:00:00+00:00,4.953229167
2019-11-26 00:00:00+00:00,4.9715625
2019-11-27 00:00:00+00:00,4.9853125
2019-11-28 00:00:00+00:00,4.941041667
2019-11-29 00:00:00+00:00,4.83875
2019-11-30 00:00:00+00:00,4.820104167
2019-12-01 00:00:00+00:00,4.882604167
2019-12-02 00:00:00+00:00,4.864791667
2019-12-03 00:00:00+00:00,4.775104167
2019-12-04 00:00:00+00:00,4.758541667
2019-12-05 00:00:00+00:00,4.749021739
2019-12-06 00:00:00+00:00,4.759583333
2019-12-07 00:00:00+00:00,4.782395833
2019-12-08 00:00:00+00:00,4.7959375
2019-12-09 00:00:00+00:00,4.831145833
2019-12-10 00:00:00+00:00,4.8759375
2019-12-11 00:00:00+00:00,4.8315625
2019-12-12 00:00:00+00:00,4.7509375
2019-12-13 00:00:00+00:00,4.772708333
2019-12-14 00:00:00+00:00,4.854375
2019-12-15 00:00:00+00:00,4.819270833
2019-12-16 00:00:00+00:00,4.804375
2019-12-17 00:00:00+00:00,4.832083333
2019-12-18 00:00:00+00:00,4.752083333
2019-12-19 00:00:00+00:00,4.668125
2019-12-20 00:00:00+00:00,4.659791667
2019-12-21 00:00:00+00:00,4.68625
2019-12-22 00:00:00+00:00,4.814375
2019-12-23 00:00:00+00:00,4.981145833
2019-12-24 00:00:00+00:00,4.8584375
2019-12-25 00:00:00+00:00,4.813229167
2019-12-26 00:00:00+00:00,4.783125
2019-12-27 00:00:00+00:00,4.803541667
2019-12-28 00:00:00+00:00,4.835416667
2019-12-29 00:00:00+00:00,4.868333333
2019-12-30 00:00:00+00:00,4.906770833
2019-12-31 00:00:00+00:00,4.816770833
2020-01-01 00:00:00+00:00,4.7621875
2020-01-02 00:00:00+00:00,4.77375
2020-01-03 00:00:00+00:00,4.858645833
2020-01-04 00:00:00+00:00,4.9040625
2020-01-05 00:00:00+00:00,4.741666667
2020-01-06 00:00:00+00:00,4.709166667
2020-01-07 00:00:00+00:00,4.721354167
2020-01-08 00:00:00+00:00,4.692291667
2020-01-09 00:00:00+00:00,4.7134375
2020-01-10 00:00:00+00:00,4.764583333
2020-01-11 00:00:00+00:00,4.879166667
2020-01-12 00:00:00+00:00,4.949270833
2020-01-13 00:00:00+00:00,4.899791667
2020-01-14 00:00:00+00:00,4.8621875
2020-01-15 00:00:00+00:00,4.837708333
2020-01-16 00:00:00+00:00,4.823854167
2020-01-17 00:00:00+00:00,4.7828125
2020-01-18 00:00:00+00:00,4.786458333
2020-01-19 00:00:00+00:00,4.836041667
2020-01-20 00:00:00+00:00,4.740625
2020-01-21 00:00:00+00:00,4.6775
2020-01-22 00:00:00+00:00,4.649375
2020-01-23 00:00:00+00:00,4.672083333
2020-01-24 00:00:00+00:00,4.777291667
2020-01-25 00:00:00+00:00,4.820520833
2020-01-26 00:00:00+00:00,4.770208333
2020-01-27 00:00:00+00:00,4.8009375
2020-01-28 00:00:00+00:00,4.814895833
2020-01-29 00:00:00+00:00,4.811145833
2020-01-30 00:00:00+00:00,4.807291667
2020-01-31 00:00:00+00:00,4.7771875
2020-02-01 00:00:00+00:00,4.7945
